model,topic_id,top_words
LDA,0,"cases, sydney, brisbane, workers, test, changes, million, western, rise, final"
LDA,1,"trump, testing, premier, biden, care, aged, donald, joe, president, take"
LDA,2,"after, victoria, health, south, two, people, year, melbourne, into, more"
LDA,3,"government, minister, scott, news, morrison, election, state, federal, announces, community"
LDA,4,"the, for, and, with, from, vaccine, records, are, how, out"
LDA,5,"national, one, coast, gold, positive, program, wins, charged, afl, system"
LDA,6,"nsw, lockdown, under, open, victorian, residents, trial, amid, local, change"
LDA,7,"covid, new, coronavirus, australia, says, queensland, australian, china, day, australias"
LDA,8,"over, restrictions, man, not, qld, court, christmas, was, who, travel"
LDA,9,"police, has, off, found, its, numbers, been, regional, but, india"
SBERT+HDBSCAN,0,
SBERT+HDBSCAN,1,
SBERT+HDBSCAN,2,
SBERT+HDBSCAN,3,
SBERT+HDBSCAN,4,
SBERT+HDBSCAN,5,
SBERT+HDBSCAN,6,
SBERT+HDBSCAN,7,
SBERT+HDBSCAN,8,
SBERT+HDBSCAN,9,
SBERT+HDBSCAN,10,
SBERT+HDBSCAN,11,
SBERT+HDBSCAN,12,
SBERT+HDBSCAN,13,
SBERT+HDBSCAN,14,
SBERT+HDBSCAN,15,"pic, best, photos, abcmyphoto, past"
SBERT+HDBSCAN,16,
SBERT+HDBSCAN,17,"tuesday, wednesday, monday, thursday"
SBERT+HDBSCAN,18,"sunday, october, november, march, june, july, september, august, february, april"
SBERT+HDBSCAN,19,"markets, monday, tuesday"
SBERT+HDBSCAN,20,"news, making, issues, regional, areas"
SBERT+HDBSCAN,21,"report, market, analysis, activity, trading, robinhood, inside, centre, app"
SBERT+HDBSCAN,22,
SBERT+HDBSCAN,23,"monday, tuesday, thursday, friday, wednesday"
SBERT+HDBSCAN,24,"martin, lakos, markets, wednesday, finance, thursday, lasker, phillip, wrap"
SBERT+HDBSCAN,25,"thursday, friday, wednesday, monday, tuesday, august, march, september, april, october"
SBERT+HDBSCAN,26,stories
SBERT+HDBSCAN,27,"friday, wednesday, tuesday, thursday, monday"
SBERT+HDBSCAN,28,"thursday, tuesday, monday, wednesday, friday"
SBERT+HDBSCAN,29,"wednesday, thursday, tuesday, monday"
SBERT+HDBSCAN,30,"phillip, lasker, tuesday, wednesday, monday, ziffer, daniel, stephen, long, phil"
SBERT+HDBSCAN,31,"tuesday, finance, special, superannuation, retirement, kohlers"
SBERT+HDBSCAN,32,"markets, wednesday, clark, clarke, wrap, market, friday, mondays"
SBERT+HDBSCAN,33,"markets, eleanor, creagh, friday, life, wednesday, tuesday, thursday"
SBERT+HDBSCAN,34,"october, thursday, tuesday, friday, august, wednesday, monday"
SBERT+HDBSCAN,35,"october, march, august, september, november, june, february, july, december, april"
SBERT+HDBSCAN,36,"padley, marcus, tuesday, kohler, alan, wednesday"
SBERT+HDBSCAN,37,"morning, briefing, tuesday, wednesday, friday, june, july, monday, thursday, april"
SBERT+HDBSCAN,38,"armenia, karabakh, nagorno, azerbaijan, kyle, rodda, markets, ceasefire, armenian, conflict"
SBERT+HDBSCAN,39,"wednesday, july, june, friday, monday, thursday, april, tuesday, tootoosis, nelson"
SBERT+HDBSCAN,40,"march, february, tuesday, wednesday, monday, friday, thursday"
SBERT+HDBSCAN,41,"maguire, daryl, icac, admits, hears, cash, way, parliament, wagga, nsw"
SBERT+HDBSCAN,42,"berejiklian, covid, nsw, coronavirus, premier, provides, restrictions, update, test, new"
SBERT+HDBSCAN,43,"mark, premier, says, border, election, announces, labor, lockdown, cabinet, alp"
SBERT+HDBSCAN,44,"mark, covid, coronavirus, premier, announces, quarantine, restrictions, border, nsw, rottnest"
SBERT+HDBSCAN,45,"sydney, covid, parade, pride, police, sydneys, scg, revellers, gay, street"
SBERT+HDBSCAN,46,"berejiklian, maguire, daryl, gladys, icac, relationship, nsw, premier, phone, asked"
SBERT+HDBSCAN,47,"gladys, berejiklian, nsw, premier, says, icac, election, berejiklians, questions, speaks"
SBERT+HDBSCAN,48,"senator, tax, medevac, federal, nation, calls, parliament, support, repeal, trust"
SBERT+HDBSCAN,49,"tas, briefing, news, daily, morning, brief, august, june, january, july"
SBERT+HDBSCAN,50,"briefing, morning, friday, january, tuesday, thursday, monday, wednesday, news, december"
SBERT+HDBSCAN,51,"episode, mix"
SBERT+HDBSCAN,52,"friday, june, february, december, january, april, august, september, october, jan"
SBERT+HDBSCAN,53,"abc, friday, march, june, trump, july, mission, make, week, like"
SBERT+HDBSCAN,54,"euthanasia, voluntary, assisted, dying, laws, debate, parliament, legislation, tasmania, die"
SBERT+HDBSCAN,55,"asbestos, silicosis, man, school, compensation, disease, workers, reveals, cases, dust"
SBERT+HDBSCAN,56,"nols, cns, nolb, backstory, test"
SBERT+HDBSCAN,57,"covid, analyst, looks, abc, latest, figures, coronavirus, breaks, look, takes"
SBERT+HDBSCAN,58,"koala, koalas, nsw, bushfires, habitat, bushfire, national, wild, policy, save"
SBERT+HDBSCAN,59,"bathurst, race, wins, supercars, scott, mclaughlin, oliver, team, final, gisbergen"
SBERT+HDBSCAN,60,"holden, brand, motors, general, australia, commodore, holdens, dealers, demise, ford"
SBERT+HDBSCAN,61,"variant, covid, booster, says, nsw, strain, new, experts, shows, australia"
SBERT+HDBSCAN,62,"vaping, smoking, cigarettes, nicotine, ban, cigarette, health, tobacco, debate, laws"
SBERT+HDBSCAN,63,"ricciardo, prix, grand, hamilton, daniel, lewis, wins, crash, formula, ferrari"
SBERT+HDBSCAN,64,"boris, johnson, coronavirus, covid, lockdown, restrictions, says, announces, new, england"
SBERT+HDBSCAN,65,"covid, medi, hotel, new, prison, opening, south, takes, home, regional"
SBERT+HDBSCAN,66,"eurovision, contest, performs, song, montaigne, miller, kate, heidke, australia, coronavirus"
SBERT+HDBSCAN,67,"brexit, deal, theresa, vote, says, british, parliament, european, britain, talks"
SBERT+HDBSCAN,68,"johnson, brexit, election, says, johnsons, parliament, minister, prime, deal, british"
SBERT+HDBSCAN,69,"thunberg, greta, climate, david, attenborough, cop, says, activist, change, trump"
SBERT+HDBSCAN,70,"korea, north, kim, jong, south, trump, korean, donald, summit, says"
SBERT+HDBSCAN,71,"assange, julian, extradition, wikileaks, court, hearing, founder, prison, says, lawyer"
SBERT+HDBSCAN,72,"jock, palfreeman, bulgarian, bulgaria, parole, speaks, released, detention, court, australian"
SBERT+HDBSCAN,73,"extradition, leifer, malka, court, israel, australia, israeli, abuse, bail, extradited"
SBERT+HDBSCAN,74,"towers, residents, owners, building, cracks, repair, million, unstable, repairs, evacuation"
SBERT+HDBSCAN,75,"mark, humphries, satirist, looks, governments, new, labuschagne, daily, politics, political"
SBERT+HDBSCAN,76,"fraser, anning, egg, egged, teenager, teen, egging, senator, defends, eggboy"
SBERT+HDBSCAN,77,"abortion, nsw, law, debate, anti, government, abortions, passes, policy, parliament"
SBERT+HDBSCAN,78,"masks, mask, face, coronavirus, covid, wear, wearing, facial, victoria, nsw"
SBERT+HDBSCAN,79,"smith, cleo, police, family, missing, carnarvon, finding, man, audio, disappearance"
SBERT+HDBSCAN,80,"japan, japanese, emperor, tokyo, new, shinzo, abe, throne, minister, prime"
SBERT+HDBSCAN,81,"caddick, melissa, nsw, case, dfat, police, investigation, remains, sydney, south"
SBERT+HDBSCAN,82,"morrison, climate, scott, change, summit, morrisons, pacific, glasgow, government, policy"
SBERT+HDBSCAN,83,"china, morrison, scott, australia, chinese, tweet, trade, indo, pacific, government"
SBERT+HDBSCAN,84,"shorten, election, scott, federal, day, debate, leaders, says, campaign, perth"
SBERT+HDBSCAN,85,"morrison, scott, says, election, minister, prime, announces, government, morrisons, trump"
SBERT+HDBSCAN,86,"wrap, wall, asx, share, jones, dow, aud"
SBERT+HDBSCAN,87,"william, tyrrell, inquest, police, hears, gary, jubelin, search, court, spedding"
SBERT+HDBSCAN,88,"crown, casino, gambling, packer, james, inquiry, resorts, regulator, licence, sydney"
SBERT+HDBSCAN,89,"epstein, jeffrey, maxwell, ghislaine, prince, andrew, death, sex, epsteins, fbi"
SBERT+HDBSCAN,90,"letters, gough, whitlam, palace, dismissal, queen, kerr, whitlams, john, sir"
SBERT+HDBSCAN,91,"philip, hospital, duke, edinburgh, queen, death, charles, says, crash, royal"
SBERT+HDBSCAN,92,"meghan, harry, prince, markle, royal, baby, interview, oprah, sussex, william"
SBERT+HDBSCAN,93,"measles, outbreak, samoa, vaccination, cases, new, vaccine, emergency, case, crisis"
SBERT+HDBSCAN,94,"simon, minister, finance, insiders, joins, trade, says, takes, lack, engagement"
SBERT+HDBSCAN,95,"norman, swan, looks, says, explains, john, confusion, examines, wayne, age"
SBERT+HDBSCAN,96,"covid, coronavirus, looks, vaccine, explains, latest, rollout, abc, australias, discusses"
SBERT+HDBSCAN,97,"space, nasa, moon, mars, spacex, landing, sky, mission, rover, rocket"
SBERT+HDBSCAN,98,"hakeem, araibi, alaraibi, australia, says, thai, thailand, detention, bahrain, refugee"
SBERT+HDBSCAN,99,"volcano, island, white, new, zealand, eruption, volcanic, victims, victim, australian"
SBERT+HDBSCAN,100,"volcano, erupts, eruption, lava, mount, palma, island, ash, stromboli, indonesian"
SBERT+HDBSCAN,101,"maradona, diego, argentina, maradonas, body, fans, soccer, obituary, dies, footballer"
SBERT+HDBSCAN,102,"rio, tinto, juukan, gorge, inquiry, blast, heritage, caves, bhp, says"
SBERT+HDBSCAN,103,"anthem, national, change, australian, indigenous, nrl, wants, stars, nations, gfg"
SBERT+HDBSCAN,104,"lead, pirie, port, smelter, nyrstar, levels, blood, emissions, epa, chemical"
SBERT+HDBSCAN,105,"coronavirus, ruby, cruise, inquiry, diamond, ship, nsw, passengers, crew, covid"
SBERT+HDBSCAN,106,"nuclear, chernobyl, fukushima, radiation, plant, disaster, russian, power, russia, spill"
SBERT+HDBSCAN,107,"petrol, prices, fuel, price, canberra, oil, accc, low, high, stations"
SBERT+HDBSCAN,108,"diamond, diamonds, argyle, pink, australian, rio, closure, australia, tinto, discovery"
SBERT+HDBSCAN,109,"approval, environmental, coal, environment, qld, approvals, minister, siemens, csiro, government"
SBERT+HDBSCAN,110,"iron, ore, china, bhp, price, trade, train, boom, record, asx"
SBERT+HDBSCAN,111,"strike, change, students, protest, student, school, australian, youth, action, schools"
SBERT+HDBSCAN,112,"fracking, gas, holes, exploration, election, basin, energy, protesters, moratorium, territory"
SBERT+HDBSCAN,113,"dental, dentist, teeth, mouth, health, dentists, care, coronavirus, public, calls"
SBERT+HDBSCAN,114,"bob, hawke, hawkes, death, minister, federal, college, dalpuget, life, look"
SBERT+HDBSCAN,115,"coal, gold, mining, power, queensland, station, new, china, gas, australian"
SBERT+HDBSCAN,116,"carbon, emissions, gas, australia, government, climate, methane, check, fact, fossil"
SBERT+HDBSCAN,117,"wind, farm, australia, turbines, farms, offshore, energy, farmers, massive, gippsland"
SBERT+HDBSCAN,118,"climate, australia, change, australians, pacific, australian, inaction, australias, action, need"
SBERT+HDBSCAN,119,"change, action, scientists, says, global, election, science, government, emergency, end"
SBERT+HDBSCAN,120,"car, cars, vehicle, vehicles, australia, tax, charging, future, labor, politics"
SBERT+HDBSCAN,121,"energy, electricity, power, prices, bills, market, consumers, customers, nsw, embedded"
SBERT+HDBSCAN,122,"power, grid, panels, farm, energy, rooftop, panel, farms, tariff, owners"
SBERT+HDBSCAN,123,"energy, renewable, renewables, power, investment, australia, cent, australias, plan, queensland"
SBERT+HDBSCAN,124,"casey, looks, abc, analyst, latest, data, says, takes, look"
SBERT+HDBSCAN,125,"governor, andrew, cuomo, new, sexual, york, resign, harassment, women, aide"
SBERT+HDBSCAN,126,"train, derailment, derails, wallan, melbourne, driver, speed, high, scotland, trains"
SBERT+HDBSCAN,127,"ardern, jacinda, new, zealand, election, minister, parliament, announces, leader, wins"
SBERT+HDBSCAN,128,"holocaust, nazi, jewish, hitler, outback, nazis, germany, history, jews, auschwitz"
SBERT+HDBSCAN,129,"police, tear, gas, water, hong, kong, protesters, cannon, cannons, protests"
SBERT+HDBSCAN,130,"thai, thailand, king, protests, election, bangkok, protesters, thailands, monarchy, protest"
SBERT+HDBSCAN,131,"kyi, san, aung, myanmar, coup, detained, kyis, charged, china, charges"
SBERT+HDBSCAN,132,"myanmar, military, coup, protests, protesters, myanmars, australian, australia, killed, protest"
SBERT+HDBSCAN,133,"oil, spill, mauritius, ship, exxon, brazil, tanker, environment, river, chemical"
SBERT+HDBSCAN,134,"bubble, travel, new, zealand, australia, tasman, trans, covid, coronavirus, says"
SBERT+HDBSCAN,135,"dame, notre, cathedral, flames, rebuild, spire, paris, french, inferno, saved"
SBERT+HDBSCAN,136,"new, years, eve, sydney, day, australia, nye, cancelled, industry, adelaide"
SBERT+HDBSCAN,137,"amazon, brazil, fires, brazilian, bolsonaro, deforestation, president, wildfires, brazils, military"
SBERT+HDBSCAN,138,"cladding, combustible, flammable, apartment, buildings, risk, grenfell, government, building, victorian"
SBERT+HDBSCAN,139,"bushfire, bushfires, nsw, fires, emergency, smoke, firefighters, queensland, homes, victoria"
SBERT+HDBSCAN,140,"water, boat, bombers, bushfire, helicopters, esperance, coast, bomber, waterbombing, contain"
SBERT+HDBSCAN,141,"horse, horses, racing, jockey, racehorse, darren, racehorses, weir, trainer, race"
SBERT+HDBSCAN,142,"rodeo, bull, school, bulls, anger, clown, rider, riding, run, festival"
SBERT+HDBSCAN,143,"victims, families, trial, suspects, men, court, australian, charged, murder, russia"
SBERT+HDBSCAN,144,"intelligence, artificial, digital, technology, new, used, age, scientists, tesla, tech"
SBERT+HDBSCAN,145,"afp, raids, raid, abc, court, police, federal, says, awu, cash"
SBERT+HDBSCAN,146,"coronavirus, gyms, nsw, restrictions, exercise, fitness, covid, queensland, gym, canberra"
SBERT+HDBSCAN,147,"ramadan, coronavirus, muslims, muslim, family, ostrich, fasting, pandemic, food, isolation"
SBERT+HDBSCAN,148,"tszyu, tim, horn, jeff, zerafa, michael, boxing, win, australian, bendigo"
SBERT+HDBSCAN,149,"ufc, boxing, fury, tyson, conor, mcgregor, boxer, wilder, deontay, beats"
SBERT+HDBSCAN,150,"aiia, maasarwe, family, speaks, maasarwes, father, outside, court, murder, herrmann"
SBERT+HDBSCAN,151,"philippines, japan, hagibis, hits, toll, death, goni, super, haishen, storm"
SBERT+HDBSCAN,152,"hand, sanitiser, coronavirus, handwashing, covid, washing, soap, hospitals, health, distillers"
SBERT+HDBSCAN,153,"moore, kylie, gilbert, iran, prison, jailed, released, australia, swap, qarchak"
SBERT+HDBSCAN,154,"tour, france, wins, stage, porte, caleb, ewan, richie, australian, alaphilippe"
SBERT+HDBSCAN,155,"second, energy, says, power, park, melville, seeing, government, developer"
SBERT+HDBSCAN,156,"belarus, lukashenko, protests, protesters, minsk, alexander, election, belarusian, protest, opposition"
SBERT+HDBSCAN,157,"russia, navalny, russian, alexei, putin, vladimir, says, poisoning, moscow, critic"
SBERT+HDBSCAN,158,"virginia, trioli, weekend, reads, news, breakfast, best, abc"
SBERT+HDBSCAN,159,"news, abc, headlines, latest, update, headline, ros, childs, presents, finance"
SBERT+HDBSCAN,160,"palmer, clive, election, federal, political, party, herbert, australia, palmers, deal"
SBERT+HDBSCAN,161,"palmer, clive, nickel, court, border, queensland, legal, mcgowan, challenge, mark"
SBERT+HDBSCAN,162,"laura, tingle, discusses, looks, latest, day, canberra, politics, political, governments"
SBERT+HDBSCAN,163,"kirkup, zak, leader, election, harvey, liza, liberal, liberals, opposition, win"
SBERT+HDBSCAN,164,"alcott, dylan, open, wins, tennis, dakar, wheelchair, title, australian, rally"
SBERT+HDBSCAN,165,"tiger, woods, golf, masters, wins, championship, pga, bryson, dechambeau, car"
SBERT+HDBSCAN,166,"barty, ash, open, australian, tennis, wimbledon, wins, number, ashleigh, french"
SBERT+HDBSCAN,167,"tennis, open, australian, murray, andy, players, player, australia, stars, tournament"
SBERT+HDBSCAN,168,"williams, open, serena, australian, naomi, osaka, final, wimbledon, win, gauff"
SBERT+HDBSCAN,169,"open, australian, djokovic, federer, nadal, novak, roger, rafael, final, wins"
SBERT+HDBSCAN,170,"kyrgios, nick, open, australian, tomic, nadal, round, match, bernard, atp"
SBERT+HDBSCAN,171,"year, changed, review, wechats, role, raises, politics, new, australian"
SBERT+HDBSCAN,172,"bee, bees, honey, beekeepers, native, pollination, beekeeping, industry, drought, almond"
SBERT+HDBSCAN,173,"defence, bombing, news, charles, years, briefing, project, power, battle, long"
SBERT+HDBSCAN,174,"coronavirus, racism, china, australia, racist, asian, covid, australians, attack, discrimination"
SBERT+HDBSCAN,175,"sydney, briefing, morning, adelaide, thursday, wednesday, tuesday, news, friday"
SBERT+HDBSCAN,176,"folau, israel, rugby, australia, gay, league, dragons, comments, legal, wallabies"
SBERT+HDBSCAN,177,"yang, sun, mack, horton, doping, swimmer, drug, case, court, ban"
SBERT+HDBSCAN,178,"shayna, jack, doping, ban, wada, russia, test, jacks, swimmer, appeal"
SBERT+HDBSCAN,179,"council, smelter, copper, flight, rodeo"
SBERT+HDBSCAN,180,"new, indonesia, papua, indonesian, guinea, election, west, president, independence, minister"
SBERT+HDBSCAN,181,"grants, sports, mckenzie, bridget, morrison, scott, club, inquiry, sport, support"
SBERT+HDBSCAN,182,"penny, wong, china, joins, insiders, coalition, says, shake, accuses, senator"
SBERT+HDBSCAN,183,"super, netball, swifts, vixens, nsw, coast, melbourne, fever, lightning, final"
SBERT+HDBSCAN,184,"netball, super, indigenous, shot, sport, competition, football, game, new, queensland"
SBERT+HDBSCAN,185,"sam, kerr, matildas, chelsea, win, league, scores, cup, womens, goal"
SBERT+HDBSCAN,186,"tiktok, china, video, security, app, ban, trump, users, content, bans"
SBERT+HDBSCAN,187,"instagram, influencers, influencer, embrace, egg, social, media, wellness, trial, change"
SBERT+HDBSCAN,188,"facebook, media, social, news, google, ban, twitter, australian, says, code"
SBERT+HDBSCAN,189,"religious, discrimination, freedom, government, draft, act, religion, new, second, delays"
SBERT+HDBSCAN,190,"philippines, duterte, rodrigo, president, drug, says, philippine, rescued, election, war"
SBERT+HDBSCAN,191,"george, floyd, protests, death, police, floyds, trump, minneapolis, donald, updates"
SBERT+HDBSCAN,192,"migrants, coast, spanish, boat, libya, cross, drown, english, ship, channel"
SBERT+HDBSCAN,193,"ginsburg, ruth, barrett, bader, court, supreme, coney, amy, trump, justice"
SBERT+HDBSCAN,194,"sudan, bashir, coup, military, protests, says, president, omar, death, protest"
SBERT+HDBSCAN,195,"tigray, ethiopia, ethiopian, conflict, region, eritrea, forces, australian, australia, refugees"
SBERT+HDBSCAN,196,"sri, lanka, bombings, lankan, victims, attacks, election, says, attack, bombing"
SBERT+HDBSCAN,197,"cambodia, cambodian, opposition, rouge, khmer, prison, australian, return, jail, trial"
SBERT+HDBSCAN,198,"refugees, asylum, refugee, seekers, nauru, australia, manus, seeker, detention, island"
SBERT+HDBSCAN,199,"family, biloela, tamil, deportation, christmas, says, asylum, facing, court, island"
SBERT+HDBSCAN,200,"venezuela, maduro, guaido, venezuelan, president, military, juan, trump, crisis, opposition"
SBERT+HDBSCAN,201,"kashmir, pakistan, india, indian, imran, khan, tension, kills, pilot, modi"
SBERT+HDBSCAN,202,"perry, ellyse, australia, womens, cricket, wbbl, alyssa, healy, injury, new"
SBERT+HDBSCAN,203,"beirut, explosion, blast, lebanon, port, lebanons, lebanese, hospitals, ammonium, nitrate"
SBERT+HDBSCAN,204,"lebanon, protesters, protests, lebanese, beirut, protest, blast, prime, minister, clash"
SBERT+HDBSCAN,205,"netanyahu, benjamin, israel, election, corruption, israeli, israels, coalition, says, trial"
SBERT+HDBSCAN,206,"taliban, afghanistan, afghan, kabul, airport, says, afghans, troops, australian, women"
SBERT+HDBSCAN,207,"war, crimes, afghanistan, report, defence, brereton, afghan, sas, alleged, crime"
SBERT+HDBSCAN,208,"israel, gaza, israeli, palestinian, ceasefire, hamas, strikes, trump, bank, west"
SBERT+HDBSCAN,209,"bbl, heat, brisbane, wbbl, sydney, thunder, final, sixers, stars, win"
SBERT+HDBSCAN,210,"kamala, harris, biden, joe, election, vice, president, presidential, trump, donald"
SBERT+HDBSCAN,211,"capitol, trump, washington, donald, riots, riot, police, protesters, supporters, protest"
SBERT+HDBSCAN,212,"rebellion, extinction, protesters, climate, protest, brisbane, cbd, protester, disrupt, protests"
SBERT+HDBSCAN,213,"drone, footage, drones, shows, canberra, google, vision, police, used, man"
SBERT+HDBSCAN,214,"state, islamic, begum, shamima, children, sharrouf, wife, ruler, girl, citizenship"
SBERT+HDBSCAN,215,"syria, australian, syrian, children, camp, state, islamic, australians, hawl, orphans"
SBERT+HDBSCAN,216,"baghdadi, islamic, state, abu, bakr, killed, leader, death, trump, syria"
SBERT+HDBSCAN,217,"syria, turkey, syrian, turkish, kurdish, erdogan, says, president, kurds, trump"
SBERT+HDBSCAN,218,"trump, donald, stone, roger, pardon, pardons, flynn, michael, adviser, manafort"
SBERT+HDBSCAN,219,"right, terror, wing, extremists, group, extremism, terrorism, government, neo, terrorist"
SBERT+HDBSCAN,220,"ukraine, trump, donald, president, impeachment, ambassador, probe, transcript, says, aid"
SBERT+HDBSCAN,221,"pelosi, nancy, trump, donald, impeachment, inquiry, says, shutdown, republicans, calls"
SBERT+HDBSCAN,222,"mueller, report, trump, donald, robert, russia, investigation, muellers, says, barr"
SBERT+HDBSCAN,223,"impeachment, trump, donald, trial, senate, trumps, democrats, live, vote, president"
SBERT+HDBSCAN,224,"iran, tanker, oil, iranian, seizes, tankers, gulf, navy, britain, oman"
SBERT+HDBSCAN,225,"iran, soleimani, qassem, killing, trump, execution, donald, iraq, iranian, qassam"
SBERT+HDBSCAN,226,"iran, trump, donald, sanctions, nuclear, tensions, iranian, irans, president, new"
SBERT+HDBSCAN,227,"climb, closure, tourism, closed, calls, close, climbing, tourists, business, statement"
SBERT+HDBSCAN,228,"sports, grants, government, sport, rorts, scandal, federal, funding, saga, program"
SBERT+HDBSCAN,229,"china, border, india, himalayan, troops, clash, ladakh, tensions, kashmir, agree"
SBERT+HDBSCAN,230,"protesters, police, protest, lockdown, protests, clash, anti, melbourne, sydney, day"
SBERT+HDBSCAN,231,"matter, lives, black, protest, protests, police, sydney, rally, coronavirus, racism"
SBERT+HDBSCAN,232,"eddie, collingwood, racism, mcguire, afl, lumumba, betts, heritier, racist, says"
SBERT+HDBSCAN,233,"coronavirus, scott, covid, national, cabinet, minister, prime, australia, update, restrictions"
SBERT+HDBSCAN,234,"coronavirus, covid, trump, donald, australia, coronacheck, review, trial, drug, study"
SBERT+HDBSCAN,235,"vaccine, scott, covid, says, vaccination, coronavirus, astrazeneca, pfizer, rollout, prime"
SBERT+HDBSCAN,236,"greg, health, minister, joins, announces, hospital, insiders, qld, travel, premier"
SBERT+HDBSCAN,237,"justine, damond, noor, ruszczyk, mohamed, murder, trial, speaks, police, officer"
SBERT+HDBSCAN,238,"explosion, kills, gas, bomb, blast, injured, people, factory, bombs, plant"
SBERT+HDBSCAN,239,"coronavirus, superannuation, early, super, access, covid, withdrawal, withdrawals, scheme, fraud"
SBERT+HDBSCAN,240,"trump, wall, border, mexico, donald, says, build, funding, construction, address"
SBERT+HDBSCAN,241,"covid, vaccine, oxford, australia, coronavirus, trial, vaccines, pfizer, use, rollout"
SBERT+HDBSCAN,242,"vaccine, rollout, says, elderly, australia, italy, oxford, minister, locally, recommended"
SBERT+HDBSCAN,243,"astrazeneca, blood, says, clots, advice, confusion, people, cmo, clot, linked"
SBERT+HDBSCAN,244,"nba, simmons, ben, boomers, basketball, nbl, world, game, finals, cup"
SBERT+HDBSCAN,245,"kobe, bryant, lakers, nba, los, angeles, lebron, james, bryants, death"
SBERT+HDBSCAN,246,"coronavirus, sport, sports, community, pandemic, covid, restrictions, post, clubs, ease"
SBERT+HDBSCAN,247,"coronavirus, afl, nrl, season, players, league, covid, restart, shutdown, fans"
SBERT+HDBSCAN,248,"sanders, bernie, warren, elizabeth, democratic, campaign, new, hampshire, debate, nevada"
SBERT+HDBSCAN,249,"sport, womens, women, football, team, gender, female, girls, sports, league"
SBERT+HDBSCAN,250,"paul, election, superannuation, rudd, rba, comments, super, home, says, heart"
SBERT+HDBSCAN,251,"league, liverpool, goal, champions, premier, manchester, city, final, barcelona, united"
SBERT+HDBSCAN,252,"kevins, chant, sexist, college, students, principal, apologises, teacher, allegations, student"
SBERT+HDBSCAN,253,"vaccine, covid, coronavirus, rollout, australia, pfizer, vaccines, vaccination, says, vaccinated"
SBERT+HDBSCAN,254,"tracking, rollout, australias, october, september, november, timeline, pfizer"
SBERT+HDBSCAN,255,"record, world, marathon, running, breaks, runner, run, cheptegei, joshua, marathons"
SBERT+HDBSCAN,256,"trump, donald, election, president, white, house, trumps, says, presidency, speech"
SBERT+HDBSCAN,257,"biden, joe, trump, donald, election, president, debate, presidential, says, inauguration"
SBERT+HDBSCAN,258,"socceroos, cup, asian, world, jordan, kuwait, defeat, nil, chinese, taipei"
SBERT+HDBSCAN,259,"matildas, world, cup, womens, australia, fifa, olympic, bid, team, football"
SBERT+HDBSCAN,260,"coach, stajcic, alen, milicic, sacking, sacked, ffa, ante, world, cup"
SBERT+HDBSCAN,261,"wallabies, cup, rugby, bledisloe, world, blacks, loss, new, live, quade"
SBERT+HDBSCAN,262,"rugby, super, reds, waratahs, world, brumbies, queensland, new, cup, haka"
SBERT+HDBSCAN,263,"state, origin, maroons, nsw, queensland, qld, blues, game, win, bennett"
SBERT+HDBSCAN,264,"nrl, roosters, broncos, storm, sydney, raiders, beat, brisbane, panthers, scorecentre"
SBERT+HDBSCAN,265,"brisbane, olympics, olympic, bid, games, host, queensland, look, premier, ioc"
SBERT+HDBSCAN,266,"tokyo, olympics, olympic, games, coronavirus, ioc, says, covid, athletes, ahead"
SBERT+HDBSCAN,267,"day, test, mcg, australia, india, pitch, cricket, mullagh, medal, series"
SBERT+HDBSCAN,268,"australia, cricket, test, india, ashes, world, cup, england, day, steve"
SBERT+HDBSCAN,269,"nbn, telstra, internet, outage, phone, upgrade, says, mobile, remote, bush"
SBERT+HDBSCAN,270,"peter, gutwein, premier, tasmanian, tasmania, announces, says, tasmanias, new, restrictions"
SBERT+HDBSCAN,271,"grand, afl, gabba, brisbane, football, perth, played, stadium, host, watch"
SBERT+HDBSCAN,272,"league, sydney, perth, glory, adelaide, united, melbourne, final, grand, roar"
SBERT+HDBSCAN,273,"afl, aflw, season, draft, players, fixture, footy, changes, league, change"
SBERT+HDBSCAN,274,"afl, richmond, collingwood, adelaide, coast, crows, geelong, final, eagles, melbourne"
SBERT+HDBSCAN,275,"submarine, submarines, nuclear, deal, australia, future, french, australian, fleet, defence"
SBERT+HDBSCAN,276,"hair, hairdressers, salon, hairdresser, cuts, hairdressing, training, plus, takes, say"
SBERT+HDBSCAN,277,"card, cashless, welfare, debit, trial, scheme, extended, cards, territory, northern"
SBERT+HDBSCAN,278,"qld, election, investment, premier, corruption, property, palaszczuk, deputy, ccc, opposition"
SBERT+HDBSCAN,279,"stolen, generations, generation, children, indigenous, survivors, aboriginal, compensation, program, healing"
SBERT+HDBSCAN,280,"codes, code, covid, queensland, nsw, mandatory, australia, check, south, concerns"
SBERT+HDBSCAN,281,"coronavirus, cruise, ship, covid, ships, crew, cargo, artania, coast, stranded"
SBERT+HDBSCAN,282,"opioid, opioids, crisis, pain, sackler, family, new, crackdown, johnson, drugs"
SBERT+HDBSCAN,283,"pill, testing, drug, trial, nsw, pharmacies, government, moo, groovin, policy"
SBERT+HDBSCAN,284,"wine, industry, australia, vintage, grape, winemakers, wineries, champagne, south, australian"
SBERT+HDBSCAN,285,"wine, china, australian, tariffs, trade, exports, tariff, industry, australia, chinese"
SBERT+HDBSCAN,286,"albanese, anthony, labor, setka, says, john, leader, leadership, opposition, speaks"
SBERT+HDBSCAN,287,"coronavirus, andrews, daniel, victoria, covid, restrictions, premier, live, australia, news"
SBERT+HDBSCAN,288,"new, zealand, coronavirus, covid, cases, australia, auckland, ardern, jacinda, restrictions"
SBERT+HDBSCAN,289,"antarctica, ice, antarctic, glacier, iceberg, iceland, arctic, shelf, sea, nasa"
SBERT+HDBSCAN,290,"calls, relationship, questions, phone, does, action, life, change"
SBERT+HDBSCAN,291,"mokbel, tony, prison, mokbels, attackers, lawyer, barwon, hospital, conviction, stabbing"
SBERT+HDBSCAN,292,"australia, ambassador, french, france, relationship, minister, new, australian, national, president"
SBERT+HDBSCAN,293,"minister, apology, calls, ministers, rejects, says, prime, apologises, allegations, apologise"
SBERT+HDBSCAN,294,"cormann, mathias, speaks, says, joins, insiders, finance, minister, government, flights"
SBERT+HDBSCAN,295,"marie, smith, ann, police, care, investigating, carer, provider, elizabeth, dying"
SBERT+HDBSCAN,296,"childcare, child, parents, care, free, labor, new, federal, subsidy, election"
SBERT+HDBSCAN,297,"water, outlook, climate, july, june, august, september, october, april, nov"
SBERT+HDBSCAN,298,"trudeau, justin, canadian, minister, ministers, canada, prime, says, trump, ban"
SBERT+HDBSCAN,299,"chapo, cartel, mexico, police, mexican, president, killed, trump, northern, ireland"
SBERT+HDBSCAN,300,"accc, viagogo, misleading, optus, fined, ticket, consumers, google, court, customers"
SBERT+HDBSCAN,301,"cyber, data, security, attack, breach, government, hack, attacks, hacked, australian"
SBERT+HDBSCAN,302,"scam, scammers, online, scams, fraud, million, coronavirus, couple, police, alleged"
SBERT+HDBSCAN,303,"lawyer, royal, commission, police, informer, faruk, revealed, overland, simon, victoria"
SBERT+HDBSCAN,304,"gobbo, nicola, lawyer, commission, royal, police, informer, evidence, hears, spurrier"
SBERT+HDBSCAN,305,"landslide, indonesia, floods, flooding, people, dead, landslides, sulawesi, earthquake, cambodia"
SBERT+HDBSCAN,306,"earthquake, magnitude, turkey, shaking, shakes, strikes, hits, new, croatia, felt"
SBERT+HDBSCAN,307,"crocodile, croc, crocodiles, attack, saltwater, queensland, darwin, dead, river, irwin"
SBERT+HDBSCAN,308,"dinosaur, dinosaurs, fossil, new, fossils, jurassic, prehistoric, footprints, rex, largest"
SBERT+HDBSCAN,309,"compensation, wage, theft, workers, case, action, class, court, stolen, wages"
SBERT+HDBSCAN,310,"shorten, election, campaign, federal, insiders, says, budget, robodebt, takes, melbourne"
SBERT+HDBSCAN,311,"islands, solomon, australia, australian, bombs, election, diplomatic, confidence, troops, unexploded"
SBERT+HDBSCAN,312,"steggall, zali, abbott, warringah, tony, obrien, kerry, seat, abbotts, speech"
SBERT+HDBSCAN,313,"whistleblower, ato, says, sues, whistleblowers, university, boyle, richard, complaint, trump"
SBERT+HDBSCAN,314,"racism, australia, racist, australian, allegations, stereotypes, report, sydney, melbourne, racial"
SBERT+HDBSCAN,315,"gunner, michael, minister, chief, budget, labor, government, says, home, construction"
SBERT+HDBSCAN,316,"dutton, peter, turnbull, malcolm, calls, minister, party, parliament, dickson, home"
SBERT+HDBSCAN,317,"kimberley, cattle, indigenous, wet, remote, station, creek, company, pastoralists, east"
SBERT+HDBSCAN,318,"parking, surfers, paradise, fines, car, council, drivers, free"
SBERT+HDBSCAN,319,"phone, mobile, phones, schools, ban, technology, school, know, australia, use"
SBERT+HDBSCAN,320,"everest, nepal, mount, himalayas, climbers, bodies, australian, snow, avalanche, missing"
SBERT+HDBSCAN,321,"paul, corruption, whyte, ccc, guilty, health, public, charges, sector, allegations"
SBERT+HDBSCAN,322,"barnaby, joyce, speaks, nationals, mccormack, minister, michael, shadow, leadership, leader"
SBERT+HDBSCAN,323,"kelly, craig, frank, paul, mike, deputy, officer, medical, liberal, allegations"
SBERT+HDBSCAN,324,"young, people, new, program, kids, isolation, school, time, competition, teens"
SBERT+HDBSCAN,325,"blind, vision, braille, national, impaired, optometrist, drivers, ride, legally, disability"
SBERT+HDBSCAN,326,"ambulance, paramedic, ramping, ambulances, paramedics, patients, patient, volunteers, union, service"
SBERT+HDBSCAN,327,"council, ceo, suspended, councils, suspension, wingecarribee, regional, armidale, minister, meeting"
SBERT+HDBSCAN,328,"eating, disorders, disorder, anorexia, treatment, health, exercise, sports, qld, clinic"
SBERT+HDBSCAN,329,"endometriosis, semenya, caster, testosterone, diagnosis, sport, iaaf, appeal, world, court"
SBERT+HDBSCAN,330,"care, aged, commission, royal, home, government, nursing, homes, residents, federal"
SBERT+HDBSCAN,331,"dementia, alzheimers, helping, drug, study, new, people, trials, patients, helps"
SBERT+HDBSCAN,332,"disability, funding, wheelchair, support, changes, delays, family, proposed, advocates, pay"
SBERT+HDBSCAN,333,"weinstein, harvey, sexual, assault, trial, metoo, verdict, weinsteins, case, settlement"
SBERT+HDBSCAN,334,"penguins, penguin, little, island, antarctica, bird, zealand, new, west, king"
SBERT+HDBSCAN,335,"foster, care, carers, kids, victoria, children, carer, indigenous, woman, brothers"
SBERT+HDBSCAN,336,"royal, commission, hears, evidence, group, abuse, quaden, bayles, people, calls"
SBERT+HDBSCAN,337,"disability, people, disabilities, access, housing, disabled, workers, advocates, helping, employment"
SBERT+HDBSCAN,338,"autism, children, autistic, diagnosis, disability, helps, school, support, brisbane, look"
SBERT+HDBSCAN,339,"alcohol, drinking, liquor, pilbara, banned, restrictions, kimberley, drinkers, register, alcoholics"
SBERT+HDBSCAN,340,"ivf, fertility, donor, sperm, infertility, embryos, journey, clinic, egg, semen"
SBERT+HDBSCAN,341,"mothers, maternity, premature, babies, women, birth, day, mother, parents, canberra"
SBERT+HDBSCAN,342,"brain, surgery, injury, research, motor, disease, protect, injuries, researchers, neurone"
SBERT+HDBSCAN,343,"health, mental, royal, support, commission, anxiety, youth, victorian, victoria, funding"
SBERT+HDBSCAN,344,"icac, investigation, mps, speaker, corruption, inquiry, evidence, hears, legal, says"
SBERT+HDBSCAN,345,"ibac, casey, hears, councillor, developer, corruption, boss, aziz, sam, city"
SBERT+HDBSCAN,346,"police, court, murder, school, blackout, black, arrernte, family, death, restrictions"
SBERT+HDBSCAN,347,"hospital, health, doctors, doctor, hospitals, medical, private, rural, royal, insurance"
SBERT+HDBSCAN,348,"cancer, skin, melanoma, sunburn, sunscreen, check, treatment, research, sun, myths"
SBERT+HDBSCAN,349,"organ, donation, blood, donor, life, donors, transplant, donate, needed, new"
SBERT+HDBSCAN,350,"cancer, breast, surgery, patients, treatment, new, patient, australian, implants, implant"
SBERT+HDBSCAN,351,"asio, spy, foreign, spies, says, asd, boss, security, warns, secrets"
SBERT+HDBSCAN,352,"mayor, rockhampton, election, new, hooper, chris, candidates, nsw, mayoral, says"
SBERT+HDBSCAN,353,"resigns, nsw, quits, ceo, labor, resign, mayor, john, parliament, resignation"
SBERT+HDBSCAN,354,"parliament, federal, sitting, final, week, day, resumes, parliamentary, rules, time"
SBERT+HDBSCAN,355,"trade, china, trump, wall, war, street, donald, deal, asx, tariffs"
SBERT+HDBSCAN,356,"square, massacre, anniversary, china, kong, hong, vigil, hawke, bob, shows"
SBERT+HDBSCAN,357,"monaro, eden, election, labor, candidates, andrew, constance, victory, results, candidate"
SBERT+HDBSCAN,358,"green, antony, election, nsw, greens, biden, vote, result, house, looks"
SBERT+HDBSCAN,359,"kong, hong, says, extradition, quit, protest, leader, protests, speech, policy"
SBERT+HDBSCAN,360,"deb, lnp, election, qld, queensland, leader, palaszczuk, leadership, watchdog, state"
SBERT+HDBSCAN,361,"election, federal, labor, campaign, day, state, queensland, nsw, vote, voting"
SBERT+HDBSCAN,362,"mouse, plague, mice, rat, nsw, island, rats, farmers, locust, lord"
SBERT+HDBSCAN,363,"newspaper, regional, news, media, newspapers, corp, print, papers, press, printing"
SBERT+HDBSCAN,364,"kong, china, security, law, australia, national, visa, chinese, new, residents"
SBERT+HDBSCAN,365,"kong, protests, protesters, police, democracy, china, pro, protest, activists, protestors"
SBERT+HDBSCAN,366,"abc, radio, years, melbourne, celebrating, heywire, brisbane, wilcannia, speaks, canberra"
SBERT+HDBSCAN,367,"news, sydney, abc, melbourne, adelaide, election, update, launch, australia, nsw"
SBERT+HDBSCAN,368,"huawei, ban, china, trump, government, australia, contract, says, spying, executive"
SBERT+HDBSCAN,369,"superannuation, super, funds, changes, insurance, retirement, guarantee, increase, early, fund"
SBERT+HDBSCAN,370,"day, inquest, coronial, police, family, death, roberts, says, kill, findings"
SBERT+HDBSCAN,371,"building, collapse, miami, collapsed, collapses, apartment, wall, hotel, construction, rubble"
SBERT+HDBSCAN,372,"coronavirus, school, schools, students, covid, pandemic, queensland, amid, international, home"
SBERT+HDBSCAN,373,"china, sea, south, chinese, australia, vietnam, navy, ship, warships, carrier"
SBERT+HDBSCAN,374,"pauline, hanson, nation, young, says, sunrise, senate, sexual, check, inquiry"
SBERT+HDBSCAN,375,"porter, christian, rape, allegation, historical, insiders, denies, allegations, joins, minister"
SBERT+HDBSCAN,376,"defamation, case, abc, leyonhjelm, boss, sues, queensland, court, appeal, david"
SBERT+HDBSCAN,377,"geoffrey, rush, daily, defamation, telegraph, case, appeal, million, trial, revealed"
SBERT+HDBSCAN,378,"deaf, hearing, cochlear, implant, impaired, loss, children, community, implants, patients"
SBERT+HDBSCAN,379,"waste, recycling, plastic, plastics, use, ban, landfill, single, carbon, food"
SBERT+HDBSCAN,380,"tinder, dating, app, apps, online, sexual, coronavirus, grindr, violence, rise"
SBERT+HDBSCAN,381,"taiwan, china, chinese, says, pacific, minister, kiribati, president, foreign, taiwans"
SBERT+HDBSCAN,382,"eggs, egg, salmonella, chickens, outbreak, range, free, emu, laying, contamination"
SBERT+HDBSCAN,383,"tracing, coronavirus, contact, app, covid, covidsafe, victoria, tracers, australia, tracking"
SBERT+HDBSCAN,384,"yang, china, hengjun, australian, detained, writer, dfat, detention, blocked, espionage"
SBERT+HDBSCAN,385,"xinjiang, china, uyghur, chinese, genocide, muslims, camps, treatment, detention, uyghurs"
SBERT+HDBSCAN,386,"china, australia, trade, chinese, australian, tensions, chinas, relationship, world, relations"
SBERT+HDBSCAN,387,"yuendumu, police, rolfe, zachary, shooting, walker, kumanjayi, hearing, committal, trial"
SBERT+HDBSCAN,388,"cane, frog, frogs, toad, toads, endangered, nsw, species, burrowing, baby"
SBERT+HDBSCAN,389,"violence, domestic, women, family, coronavirus, coercive, control, hannah, police, nsw"
SBERT+HDBSCAN,390,"march, justice, womens, women, higgins, brittany, thousands, janine, hendry, canberra"
SBERT+HDBSCAN,391,"wedding, coronavirus, covid, weddings, restrictions, funeral, nsw, funerals, guests, queensland"
SBERT+HDBSCAN,392,"gargasoulas, bourke, street, inquest, james, attack, hears, police, killer, driver"
SBERT+HDBSCAN,393,"dorian, hurricane, bahamas, hits, damage, trump, donald, braces, florida, people"
SBERT+HDBSCAN,394,"women, international, day, womens, gender, stereotypes, men, world, taking, pacific"
SBERT+HDBSCAN,395,"updates, live, australia, covid, latest, news, blog, victoria, update, april"
SBERT+HDBSCAN,396,"gender, women, equality, strike, womens, culture, swiss, iwd, aflw, discrimination"
SBERT+HDBSCAN,397,"women, parliament, female, election, vote, politics, elected, government, politicians, womens"
SBERT+HDBSCAN,398,"tasmania, news, blog, april, hobart"
SBERT+HDBSCAN,399,"hobart, tasmania, sydney, tasmanian, yacht, race, hobarts, curious, briefing, years"
SBERT+HDBSCAN,400,"tasmania, news, briefing, tasmanian, july, february, morning, monday, august, january"
SBERT+HDBSCAN,401,"suicide, health, prevention, mental, kimberley, suicides, veteran, inquest, coroner, youth"
SBERT+HDBSCAN,402,"gun, laws, new, australia, guns, political, election, zealand, general, nation"
SBERT+HDBSCAN,403,"christchurch, shooting, mosque, attack, shootings, new, zealand, victims, attacks, vienna"
SBERT+HDBSCAN,404,"centrelink, robodebt, government, scheme, debt, class, debts, action, settlement, repay"
SBERT+HDBSCAN,405,"latest, qld, doctor"
SBERT+HDBSCAN,406,"season, finale, episode, winterfell, battle, dragons, war, predictions, live, cup"
SBERT+HDBSCAN,407,"cook, captain, james, beer, indigenous, thomas, anniversary, history, questions, people"
SBERT+HDBSCAN,408,"christmas, island, shopping, day, lunch, party, brisbane, australia, australians, holiday"
SBERT+HDBSCAN,409,"day, australia, new, celebrations, date, years, eve, year, australians, canberra"
SBERT+HDBSCAN,410,"coronavirus, covid, wastewater, sewage, testing, queensland, test, cases, detected, adelaide"
SBERT+HDBSCAN,411,"testing, tested, test, sydney, health, residents, man, australia, people, rapid"
SBERT+HDBSCAN,412,"cases, records, new, deaths, cafasso, case, locally, acquired, recorded, active"
SBERT+HDBSCAN,413,"australia, ceo, capital, bain, bidders, jayne, voluntary, hrdlicka, government, scurrah"
SBERT+HDBSCAN,414,"retail, retailers, sales, shopping, stores, day, workers, seasonal, christmas, boxing"
SBERT+HDBSCAN,415,"charity, charities, donations, money, fundraiser, volunteer, philanthropy, demand, outreach, homeless"
SBERT+HDBSCAN,416,"dies, aged, dead, actor, age, australian, star, funeral, michael, died"
SBERT+HDBSCAN,417,"brett, victorians, officer, health, chief, says, victorias, urges, apologises, lockdown"
SBERT+HDBSCAN,418,"new, cases, records, nsw, queensland, locally, acquired, case, recorded, says"
SBERT+HDBSCAN,419,"flights, cheap, regional, jetstar, flight, airfares, government, airlines, bestjet, tourism"
SBERT+HDBSCAN,420,"wool, industry, shearing, market, australian, woolgrowers, shed, china, shearers, shearer"
SBERT+HDBSCAN,421,"homelessness, homeless, housing, tiny, city, tent, women, government, older, house"
SBERT+HDBSCAN,422,"coronavirus, airline, court, nsw, virgin, workers, pandemic, sick, cuts, flights"
SBERT+HDBSCAN,423,"flights, flight, tourism, sydney, says, plane, singapore, crew, leaves, london"
SBERT+HDBSCAN,424,"staff, joyce, alan, cut, workers, job, jobs, boss, outsourcing, ceo"
SBERT+HDBSCAN,425,"coronavirus, home, workers, work, working, staff, women, sick, fifo, pandemic"
SBERT+HDBSCAN,426,"coronavirus, rent, rental, covid, housing, house, landlords, property, market, prices"
SBERT+HDBSCAN,427,"housing, house, prices, property, market, rental, home, price, rent, crisis"
SBERT+HDBSCAN,428,"variant, strain, covid, officials, outbreak, infectious, outbreaks, strains, says, virulent"
SBERT+HDBSCAN,429,"government, federal, announces, state, funding, governments, states, relations, industrial, says"
SBERT+HDBSCAN,430,"coronavirus, jobkeeper, jobs, jobseeker, unemployment, covid, job, pandemic, government, australia"
SBERT+HDBSCAN,431,"anzac, day, coronavirus, service, war, dawn, veterans, services, david, queensland"
SBERT+HDBSCAN,432,"quarantine, hotel, coronavirus, covid, victoria, inquiry, nsw, new, queensland, cases"
SBERT+HDBSCAN,433,"coronavirus, business, businesses, small, pandemic, covid, crisis, survive, recovery, regional"
SBERT+HDBSCAN,434,"australians, stranded, overseas, australian, home, travel, help, government, india, return"
SBERT+HDBSCAN,435,"coronavirus, restaurants, restaurant, cafes, restrictions, covid, cafe, pubs, queensland, melbourne"
SBERT+HDBSCAN,436,"snake, brown, snakes, python, eastern, large, bite, black, massive, man"
SBERT+HDBSCAN,437,"turtle, turtles, sea, green, island, river, hatchlings, flatback, queensland, baby"
SBERT+HDBSCAN,438,"tourism, new, outback, travel, tourists, operators, queensland, industry, visitors, campaign"
SBERT+HDBSCAN,439,"supermarket, shopping, panic, buying, retail, shoppers, shortage, centres, stores, shops"
SBERT+HDBSCAN,440,"coronavirus, food, covid, pandemic, meat, farmers, demand, flowers, despite, security"
SBERT+HDBSCAN,441,"cemetery, graves, burial, old, coffins, egypt, unmarked, grave, bodies, archaeologists"
SBERT+HDBSCAN,442,"coronavirus, economy, economic, covid, recession, recovery, cost, budget, government, australia"
SBERT+HDBSCAN,443,"stimulus, coronavirus, package, government, covid, economic, announces, billion, dollar, second"
SBERT+HDBSCAN,444,"university, cuts, charles, funding, fees, sturt, job, fee, changes, degree"
SBERT+HDBSCAN,445,"school, students, schools, education, teachers, nsw, international, queensland, year, parents"
SBERT+HDBSCAN,446,"andrews, daniel, says, premier, victoria, victorian, announces, lockdown, restrictions, victorias"
SBERT+HDBSCAN,447,"tree, trees, timber, change, native, forest, forestry, logging, industry, christmas"
SBERT+HDBSCAN,448,"frydenberg, josh, treasurer, budget, joins, federal, insiders, speaks, says, discusses"
SBERT+HDBSCAN,449,"sydney, airport, western, melbourne, delays, international, land, adelaide, flight, perth"
SBERT+HDBSCAN,450,"gold, coast, mountain, bike, schoolies, tourism, mackay, new, push, coasts"
SBERT+HDBSCAN,451,"australians, australia, australias, migrants, older, growing, talks, australian, says, people"
SBERT+HDBSCAN,452,"ceo, bank, austrac, money, laundering, asic, lending, banking, boss, home"
SBERT+HDBSCAN,453,"work, workers, day, week, casual, working, time, leave, young, new"
SBERT+HDBSCAN,454,"delays, sydney, train, trains, traffic, melbourne, crash, major, nsw, metro"
SBERT+HDBSCAN,455,"coronavirus, trump, donald, covid, biden, election, joe, vaccine, fauci, says"
SBERT+HDBSCAN,456,"taylor, swift, album, takes, beyonce, music, says, artist, grammy, netflix"
SBERT+HDBSCAN,457,"anniversary, australian, story, celebrates, years, max, mad, celebrate, marks, growing"
SBERT+HDBSCAN,458,"rail, train, line, light, adelaide, route, road, freight, ellenbrook, railway"
SBERT+HDBSCAN,459,"congestion, traffic, queensland, brisbane, transport, perth, busting, plan, worsen, north"
SBERT+HDBSCAN,460,"rail, light, canberra, sydney, transport, fast, federal, stage, government, geelong"
SBERT+HDBSCAN,461,"fowler, lucas, canada, murder, suspects, manhunt, mcleod, schmegelsky, canadian, kam"
SBERT+HDBSCAN,462,"prize, nobel, awarded, physics, winner, peace, scientists, prizes, win, makes"
SBERT+HDBSCAN,463,"wage, growth, wages, minimum, pay, rise, workers, living, jobs, low"
SBERT+HDBSCAN,464,"tax, ato, multinationals, rental, claims, transparency, shares, backpacker, huang, billion"
SBERT+HDBSCAN,465,"amp, amps, profit, asic, loss, shareholders, commission, service, new, company"
SBERT+HDBSCAN,466,"economic, economy, recession, australia, gdp, australias, growth, business, figures, australian"
SBERT+HDBSCAN,467,"budget, federal, tax, cuts, government, winners, surplus, losers, deficit, spending"
SBERT+HDBSCAN,468,"banks, big, bank, asic, banking, results, bendigo, year, branch, open"
SBERT+HDBSCAN,469,"royal, banking, commission, banks, recommendations, hayne, report, bank, shareholders, kenneth"
SBERT+HDBSCAN,470,"coronavirus, market, share, markets, stock, stocks, shares, australian, fears, investors"
SBERT+HDBSCAN,471,"unemployment, rate, jobs, employment, figures, rise, falls, numbers, shows, data"
SBERT+HDBSCAN,472,"jobkeeper, jobseeker, payment, businesses, says, changes, workers, calls, government, jobs"
SBERT+HDBSCAN,473,"lending, mortgage, loan, home, borrowers, responsible, banks, laws, rules, loans"
SBERT+HDBSCAN,474,"church, trinity, old, christian, heritage, bell, light, catholic, anglican, aboriginal"
SBERT+HDBSCAN,475,"netflix, review, avengers, marvel, series, streaming, endgame, superhero, sbs, disney"
SBERT+HDBSCAN,476,"street, rate, cut, reserve, federal, fed, asx, jones, dow, ahead"
SBERT+HDBSCAN,477,"rates, rate, bank, cut, reserve, cuts, low, banks, hold, record"
SBERT+HDBSCAN,478,"rba, rates, rate, cut, cuts, government, bank, philip, lowe, governor"
SBERT+HDBSCAN,479,"coronavirus, covid, declares, queensland, sydney, government, melbourne, greater, australia, brisbane"
SBERT+HDBSCAN,480,"shooting, police, gunman, community, investigate, report, crime, people, gunner, man"
SBERT+HDBSCAN,481,"asx, wall, street, record, high, market, australian, tech, rise, dollar"
SBERT+HDBSCAN,482,"coronavirus, covid, wall, street, dow, vaccine, jones, fall, rise, record"
SBERT+HDBSCAN,483,"spider, spiders, web, funnel, venom, huntsman, floods, home, new, nsw"
SBERT+HDBSCAN,484,"fruit, fly, armyworm, fall, pest, beetle, queensland, insect, moth, australia"
SBERT+HDBSCAN,485,"boeing, max, ethiopian, airlines, crash, crashes, flight, pilots, planes, safety"
SBERT+HDBSCAN,486,"india, covid, coronavirus, indias, cases, vaccine, million, indian, daily, lockdown"
SBERT+HDBSCAN,487,"barley, china, trade, tariffs, australia, australian, tariff, farmers, wto, dispute"
SBERT+HDBSCAN,488,"reef, great, barrier, coral, bleaching, scientists, change, sea, climate, island"
SBERT+HDBSCAN,489,"helicopter, rescue, pilot, helicopters, chopper, search, charters, team, tasmania, deployed"
SBERT+HDBSCAN,490,"crash, plane, helicopter, pilot, crashes, light, aircraft, atsb, report, air"
SBERT+HDBSCAN,491,"indigenous, aboriginal, language, program, community, school, culture, treaty, youth, government"
SBERT+HDBSCAN,492,"statue, vandalised, statues, dutch, removal, colonial, vandalism, townsville, war, portland"
SBERT+HDBSCAN,493,"lake, lakes, pink, water, malbena, entrance, river, green, algae, eco"
SBERT+HDBSCAN,494,"art, artist, exhibition, indigenous, artists, mural, gallery, painting, australian, new"
SBERT+HDBSCAN,495,"museum, new, art, national, townsville, collection, preservation, powerhouse, life, buildings"
SBERT+HDBSCAN,496,"dairy, milk, farmers, cheese, industry, price, bega, dairies, maleny, coles"
SBERT+HDBSCAN,497,"lobster, rock, industry, seismic, testing, china, lobsters, trade, exports, changes"
SBERT+HDBSCAN,498,"fish, fishing, menindee, salmon, kill, river, seafood, murray, industry, tuna"
SBERT+HDBSCAN,499,"interview, speaks, extended, business, elizabeth, baker, gaines, marnie, sally, amanda"
SBERT+HDBSCAN,500,"interview, extended, business, speaks, peter, mark, paul, andrew, john, david"
SBERT+HDBSCAN,501,"cockatoos, cockatoo, black, bins, numbers, carnabys, rare, glossy, bird, years"
SBERT+HDBSCAN,502,"prize, archibald, wins, portrait, art, winner, david, room, packing, painting"
SBERT+HDBSCAN,503,"flowers, flower, edible, roses, valentines, day, industry, bloom, rose, herb"
SBERT+HDBSCAN,504,"plus, takes, jane, seth, adam, melissa, david, louise, montaigne, tim"
SBERT+HDBSCAN,505,"honours, queens, birthday, australia, awards, day, australian, award, year, wins"
SBERT+HDBSCAN,506,"studio, review, nathan, felicity, brett, page, stephen, film, daniel, sam"
SBERT+HDBSCAN,507,"emma, caroline, robinson, michelle, jones, field, shirley, thompson, review, jackson"
SBERT+HDBSCAN,508,"oscars, golden, globes, awards, best, academy, oscar, carpet, red, winners"
SBERT+HDBSCAN,509,"emmys, emmy, awards, know, schitts, winners, primetime, creek, red, carpet"
SBERT+HDBSCAN,510,"victoria, cases, new, records, local, deaths, recorded, highest, number, victorias"
SBERT+HDBSCAN,511,"bats, flying, bat, foxes, fox, baby, adelaide, people, cairns, chinchilla"
SBERT+HDBSCAN,512,"tiger, zoo, king, india, shoalhaven, lions, indian, euthanased, lion, cubs"
SBERT+HDBSCAN,513,"elephant, elephants, botswana, india, man, sri, lanka, die, wildlife, killed"
SBERT+HDBSCAN,514,"dance, dancing, ballet, australian, new, life, parties, dancers, townsville, dancer"
SBERT+HDBSCAN,515,"dingo, dingoes, fraser, island, fence, attack, toddler, dingos, alpine, camping"
SBERT+HDBSCAN,516,"coronavirus, beaches, northern, covid, beach, sydney, nsw, cluster, live, news"
SBERT+HDBSCAN,517,"food, bush, coffee, foods, delivery, australian, restaurant, health, indigenous, native"
SBERT+HDBSCAN,518,"cattle, meat, sheep, live, beef, export, vegan, station, industry, lamb"
SBERT+HDBSCAN,519,"kangaroo, kangaroos, wildlife, high, outback, hop, common, tourists, concern, cull"
SBERT+HDBSCAN,520,"birds, bird, parrot, night, endangered, eagle, eagles, geese, cassowary, big"
SBERT+HDBSCAN,521,"platypus, possum, pygmy, endangered, extinction, possums, quolls, species, risk, platypuses"
SBERT+HDBSCAN,522,"pigs, pig, feral, farm, queensland, station, peppa, trap, pest, streets"
SBERT+HDBSCAN,523,"fever, swine, african, pigs, pork, china, prices, pig, outbreak, vaccine"
SBERT+HDBSCAN,524,"cotton, industry, crop, north, scientists, ord, gin, station, public, valley"
SBERT+HDBSCAN,525,"darling, basin, water, plan, royal, commission, irrigators, nsw, rail, report"
SBERT+HDBSCAN,526,"cat, cats, feral, big, council, queensland, native, caught, endangered, canberra"
SBERT+HDBSCAN,527,"dog, dogs, pet, pets, attack, man, police, puppy, canberra, queensland"
SBERT+HDBSCAN,528,"coronavirus, music, covid, live, festival, pandemic, arts, concert, lockdown, choir"
SBERT+HDBSCAN,529,"pools, pool, new, swimming, reopen, australia, figure, canberra, sydney, griffin"
SBERT+HDBSCAN,530,"erosion, beach, coastal, island, bribie, bay, byron, sand, port, beaches"
SBERT+HDBSCAN,531,"fruit, mango, apple, strawberry, citrus, growers, australia, industry, orange, new"
SBERT+HDBSCAN,532,"farmers, farm, farming, farmer, agriculture, harvest, australian, grain, crop, new"
SBERT+HDBSCAN,533,"police, tasered, taser, officer, man, breath, test, driver, aboriginal, fremantle"
SBERT+HDBSCAN,534,"cyclone, fiji, vanuatu, harold, yasa, tropical, coronavirus, category, damage, residents"
SBERT+HDBSCAN,535,"cyclone, trevor, veronica, coast, tropical, queensland, oma, damien, pilbara, aftermath"
SBERT+HDBSCAN,536,"festival, music, adelaide, crowds, festivals, attend, fringe, thousands, regional, despite"
SBERT+HDBSCAN,537,"music, opera, australian, theatre, sydney, house, musical, film, piano, streaming"
SBERT+HDBSCAN,538,"dam, water, warragamba, paradise, wall, bundaberg, cost, river, spilling, nsw"
SBERT+HDBSCAN,539,"sex, gay, lgbt, transgender, marriage, law, indonesia, taiwan, brunei, ban"
SBERT+HDBSCAN,540,"cannabis, medicinal, act, laws, marijuana, canberra, crop, market, drug, australia"
SBERT+HDBSCAN,541,"drought, farmers, rain, nsw, water, queensland, affected, stricken, rejoice, federal"
SBERT+HDBSCAN,542,"water, farmers, nsw, restrictions, sydney, river, drought, residents, government, new"
SBERT+HDBSCAN,543,"dust, storm, storms, mildura, queensland, turns, nsw, sweeps, weather, day"
SBERT+HDBSCAN,544,"evacuated, residents, sydney, melbourne, jilkminggan, nsw, people, evacuates, home, hundreds"
SBERT+HDBSCAN,545,"indonesia, covid, coronavirus, cases, indonesian, thailand, bali, deaths, thai, pandemic"
SBERT+HDBSCAN,546,"lockdown, melbourne, victoria, sydney, extended, lockdowns, nsw, new, says, day"
SBERT+HDBSCAN,547,"townsville, floods, flood, floodwaters, flooding, mould, residents, clean, disaster, months"
SBERT+HDBSCAN,548,"tasmania, coronavirus, cases, west, outbreak, north, restrictions, covid, new, tasmanian"
SBERT+HDBSCAN,549,"nsw, australia, closure, queensland, new, opens, south, zone, rules, cases"
SBERT+HDBSCAN,550,"restrictions, nsw, victoria, new, queensland, australia, premier, regional, reopening, sydney"
SBERT+HDBSCAN,551,"border, nsw, queensland, borders, victoria, restrictions, closure, open, hard, premier"
SBERT+HDBSCAN,552,"flu, influenza, outbreak, deaths, cases, season, dies, worst, queensland, deadly"
SBERT+HDBSCAN,553,"care, coronavirus, aged, victoria, covid, melbourne, home, outbreak, hospital, restrictions"
SBERT+HDBSCAN,554,"border, queensland, nsw, restrictions, victoria, closure, borders, closures, palaszczuk, police"
SBERT+HDBSCAN,555,"border, hard, borders, closure, says, set, states, opening, close, closures"
SBERT+HDBSCAN,556,"tornado, power, storm, tornadoes, homes, storms, thousands, severe, rips, kills"
SBERT+HDBSCAN,557,"hail, storm, storms, weather, queensland, south, east, wild, rain, qld"
SBERT+HDBSCAN,558,"snow, falls, australia, tasmania, south, queensland, cold, victoria, ski, weather"
SBERT+HDBSCAN,559,"rain, queensland, rainfall, heavy, west, central, western, south, outback, weather"
SBERT+HDBSCAN,560,"flooding, flood, queensland, floods, rain, nsw, north, flash, qld, coast"
SBERT+HDBSCAN,561,"weather, sydney, nsw, forecast, queensland, rain, warns, storms, south, severe"
SBERT+HDBSCAN,562,"heatwave, record, weather, perth, heat, hottest, australia, hot, records, temperature"
SBERT+HDBSCAN,563,"prison, detention, prisoner, youth, prisoners, centre, jail, escape, canberra, escapee"
SBERT+HDBSCAN,564,"youth, crime, townsville, queensland, lnp, qld, cairns, young, police, juvenile"
SBERT+HDBSCAN,565,"pell, george, appeal, court, cardinal, high, abuse, vatican, conviction, guilty"
SBERT+HDBSCAN,566,"covid, nsw, sydney, outbreak, cases, alert, cluster, grows, news, australia"
SBERT+HDBSCAN,567,"claremont, bradley, serial, killer, trial, killings, john, robert, accused, murder"
SBERT+HDBSCAN,568,"serial, claremont, killings, trial, killer, evidence, dna, glennon, ciara, rimmer"
SBERT+HDBSCAN,569,"brazil, coronavirus, covid, update, cases, brazils, toll, death, warns, website"
SBERT+HDBSCAN,570,"brittany, higgins, rape, alleged, police, allegations, sexual, parliament, complaint, house"
SBERT+HDBSCAN,571,"restrictions, nsw, sydney, eased, perth, new, lockdown, melbourne, queensland, greater"
SBERT+HDBSCAN,572,"restrictions, victoria, melbourne, stage, fines, police, cases, roadmap, covid, ease"
SBERT+HDBSCAN,573,"children, life, families, child, baby, family, new, covid, rise, grandparents"
SBERT+HDBSCAN,574,"coronavirus, mental, health, covid, anxiety, pandemic, qld, lockdown, survey, calls"
SBERT+HDBSCAN,575,"childcare, free, centre, government, workers, centres, queensland, care, covid, child"
SBERT+HDBSCAN,576,"restrictions, eased, phase, easing, relaxed, ease, lifted, government, open, premier"
SBERT+HDBSCAN,577,"lockdown, regional, lockdowns, cases, victoria, restrictions, lift, roadmap, new, premier"
SBERT+HDBSCAN,578,"lockdown, cases, lockdowns, new, england, updates, world, post, means, covid"
SBERT+HDBSCAN,579,"lockdown, melbourne, victoria, covid, australia, cases, live, news, nsw, queensland"
SBERT+HDBSCAN,580,"tame, year, australian, abuse, speech, says, speaks, press, club"
SBERT+HDBSCAN,581,"italy, coronavirus, covid, lockdown, japan, cases, italys, update, death, milan"
SBERT+HDBSCAN,582,"coronavirus, korea, south, covid, north, update, cases, china, wave, new"
SBERT+HDBSCAN,583,"china, coronavirus, covid, wuhan, australia, chinese, beijing, hong, kong, outbreak"
SBERT+HDBSCAN,584,"cases, records, act, new, locally, acquired, local, recorded, case, record"
SBERT+HDBSCAN,585,"queensland, records, cases, new, case, local, locally, acquired, nsw, qld"
SBERT+HDBSCAN,586,"nsw, cases, records, new, local, locally, recorded, acquired, case, south"
SBERT+HDBSCAN,587,"deaths, cases, records, new, death"
SBERT+HDBSCAN,588,"rape, allegation, minister, cabinet, historical, says, woman, letter, raping, crisis"
SBERT+HDBSCAN,589,"harassment, sexual, bullying, parliament, claims, sexually, finds, allegations, inquiry, labor"
SBERT+HDBSCAN,590,"witness, trial, secret, collaery, bernard, watchdog, lawyer, court, case, spy"
SBERT+HDBSCAN,591,"coronavirus, covid, deaths, death, toll, million, cases, united, trump, day"
SBERT+HDBSCAN,592,"coronavirus, pandemic, says, new, people, cases, young, long, infections, variant"
SBERT+HDBSCAN,593,"pandemic, new, cases, virus, worlds, fight, latest, health, test, testing"
SBERT+HDBSCAN,594,"australia, australians, new, stay, australias, australian, prepare, pandemic, spread, territory"
SBERT+HDBSCAN,595,"covid, australia, news, live, victoria, latest, nsw, melbourne, sydney, new"
SBERT+HDBSCAN,596,"restrictions, queensland, nsw, ease, eased, says, premier, rules, relaxed, easing"
SBERT+HDBSCAN,597,"victoria, cases, rise, covid, testing, numbers, new, victorias, case, day"
SBERT+HDBSCAN,598,"cases, deaths, rise, covid, new, death, update, toll, people, die"
SBERT+HDBSCAN,599,"records, new, zero, deaths, day, local, straight, vaccines, melbourne, continue"
SBERT+HDBSCAN,600,"cases, new, deaths, covid, infections, local"
SBERT+HDBSCAN,601,"australia, restrictions, south, travel, lifted, australians, ban, perth, explained, easing"
SBERT+HDBSCAN,602,"tourism, queensland, tourists, travel, amid, operators, restrictions, industry, ready, impact"
SBERT+HDBSCAN,603,"coronavirus, flight, flights, australia, virgin, pilots, australians, pandemic, aviation, airline"
SBERT+HDBSCAN,604,"queensland, cases, brisbane, covid, new, case, man, australia, records, ipswich"
SBERT+HDBSCAN,605,"nsw, cases, new, records, infections, local, zero, rise, day, confirmed"
SBERT+HDBSCAN,606,"mclachlan, craig, court, assault, case, indecent, sex, guilty, actor, told"
SBERT+HDBSCAN,607,"surf, surfing, life, surfboard, surfers, saving, surfboards, lifesavers, clubs, years"
SBERT+HDBSCAN,608,"sydney, operation, arrest, south, officers, nsw, house, surround, officer, qld"
SBERT+HDBSCAN,609,"shark, attack, sharks, beach, victim, man, white, esperance, attacked, coast"
SBERT+HDBSCAN,610,"meth, police, drug, cocaine, drugs, bust, seized, seize, cash, methamphetamine"
SBERT+HDBSCAN,611,"bail, refused, denied, man, accused, murder, waugh, alleged, james, woman"
SBERT+HDBSCAN,612,"dolphin, dolphins, feeding, beach, death, marine, animatronic, fish, locals, bunbury"
SBERT+HDBSCAN,613,"whale, whales, humpback, coast, rescue, tasmania, stranded, killer, dead, pilot"
SBERT+HDBSCAN,614,"church, pope, catholic, abuse, francis, vatican, priest, child, priests, sex"
SBERT+HDBSCAN,615,"footage, dashcam, cctv, cameras, dash, cam, crash, shows, car, captures"
SBERT+HDBSCAN,616,"ship, cruise, crew, passengers, ships, sailors, seafarers, navy, port, member"
SBERT+HDBSCAN,617,"death, coroner, inquest, custody, deaths, findings, aboriginal, indigenous, family, man"
SBERT+HDBSCAN,618,"cctv, footage, police, shows, man, video, release, assault, car, shooting"
SBERT+HDBSCAN,619,"police, man, arrested, officer, assault, charged, bikie, arrest, officers, adelaide"
SBERT+HDBSCAN,620,"sex, sexual, child, assault, abuse, man, charged, paedophile, rape, jailed"
SBERT+HDBSCAN,621,"belin, jack, trial, rape, hears, court, alleged, jury, witness, charges"
SBERT+HDBSCAN,622,"hayne, jarryd, rape, trial, hears, williams, joseph, sexual, court, jarratt"
SBERT+HDBSCAN,623,"drowning, man, diver, drownings, police, river, drowns, beach, rescued, swim"
SBERT+HDBSCAN,624,"baby, toddler, hospital, death, deaths, police, child, centre, childcare, car"
SBERT+HDBSCAN,625,"boat, dead, men, capsized, capsizes, rescue, coast, capsize, port, hours"
SBERT+HDBSCAN,626,"missing, fisherman, coast, search, bay, boat, sunshine, moreton, police, fishermen"
SBERT+HDBSCAN,627,"missing, search, boat, tony, higgins, men, boatie, body, police, called"
SBERT+HDBSCAN,628,"missing, search, man, police, body, woman, boy, old, year, queensland"
SBERT+HDBSCAN,629,"baby, death, mother, man, court, charged, manslaughter, daughter, murder, woman"
SBERT+HDBSCAN,630,"crash, driver, fatal, car, truck, killed, man, bus, charged, dies"
SBERT+HDBSCAN,631,"killed, dies, crash, hit, car, boy, child, children, old, girl"
SBERT+HDBSCAN,632,"woman, dies, body, dead, police, car, melbourne, home, womans, adelaide"
SBERT+HDBSCAN,633,"police, shooting, man, shot, dead, sydney, brisbane, shoot, gunman, melbourne"
SBERT+HDBSCAN,634,"charged, murder, stabbing, teen, teenager, stabbed, teenagers, death, man, paradise"
SBERT+HDBSCAN,635,"stabbing, stabbed, police, man, sydney, attack, dead, officer, fatal, victim"
SBERT+HDBSCAN,636,"charged, murder, man, body, death, court, case, cold, accused, house"
SBERT+HDBSCAN,637,"murder, guilty, trial, court, scott, accused, pleads, manslaughter, murdering, death"
