week,semantic_velocity
2003-02-24/2003-03-02,0.2384192943572998
2003-03-03/2003-03-09,0.18616914749145508
2003-03-10/2003-03-16,0.16542482376098633
2003-03-17/2003-03-23,0.22336828708648682
2003-03-24/2003-03-30,0.1623852252960205
2003-03-31/2003-04-06,0.1942157745361328
2003-04-07/2003-04-13,0.19927895069122314
2003-04-14/2003-04-20,0.20791321992874146
2003-04-21/2003-04-27,0.24550354480743408
2003-04-28/2003-05-04,0.2493661642074585
2003-05-05/2003-05-11,0.23727929592132568
2003-05-12/2003-05-18,0.22704607248306274
2003-05-19/2003-05-25,0.21832668781280518
2003-05-26/2003-06-01,0.24385297298431396
2003-06-02/2003-06-08,0.27772700786590576
2003-06-09/2003-06-15,0.20743203163146973
2003-06-16/2003-06-22,0.22014570236206055
2003-06-23/2003-06-29,0.1805141568183899
2003-06-30/2003-07-06,0.17304235696792603
2003-07-07/2003-07-13,0.172707200050354
2003-07-14/2003-07-20,0.17595726251602173
2003-07-21/2003-07-27,0.19696825742721558
2003-07-28/2003-08-03,0.1986074447631836
2003-08-04/2003-08-10,0.23966097831726074
2003-08-11/2003-08-17,0.20577967166900635
2003-08-18/2003-08-24,0.20938646793365479
2003-08-25/2003-08-31,0.22172963619232178
2003-09-01/2003-09-07,0.19247984886169434
2003-09-08/2003-09-14,0.17858517169952393
2003-09-15/2003-09-21,0.19761323928833008
2003-09-22/2003-09-28,0.19471895694732666
2003-09-29/2003-10-05,0.23012971878051758
2003-10-06/2003-10-12,0.18946194648742676
2003-10-13/2003-10-19,0.170538067817688
2003-10-20/2003-10-26,0.16116124391555786
2003-10-27/2003-11-02,0.17409855127334595
2003-11-03/2003-11-09,0.20010709762573242
2003-11-10/2003-11-16,0.1835232377052307
2003-11-17/2003-11-23,0.20585894584655762
2003-11-24/2003-11-30,0.20290857553482056
2003-12-01/2003-12-07,0.22581267356872559
2003-12-08/2003-12-14,0.18367546796798706
2003-12-15/2003-12-21,0.18907874822616577
2003-12-22/2003-12-28,0.2773144245147705
2003-12-29/2004-01-04,0.281474769115448
2004-01-05/2004-01-11,0.2647261619567871
2004-01-12/2004-01-18,0.24093413352966309
2004-01-19/2004-01-25,0.3176441192626953
2004-01-26/2004-02-01,0.2839304208755493
2004-02-02/2004-02-08,0.24204140901565552
2004-02-09/2004-02-15,0.22503399848937988
2004-02-16/2004-02-22,0.172113835811615
2004-02-23/2004-02-29,0.21748197078704834
2004-03-01/2004-03-07,0.2920228838920593
2004-03-08/2004-03-14,0.23034900426864624
2004-03-15/2004-03-21,0.26072990894317627
2004-03-22/2004-03-28,0.21742284297943115
2004-03-29/2004-04-04,0.20722830295562744
2004-04-05/2004-04-11,0.21069443225860596
2004-04-12/2004-04-18,0.20913231372833252
2004-04-19/2004-04-25,0.25532686710357666
2004-04-26/2004-05-02,0.29774409532546997
2004-05-03/2004-05-09,0.2437804937362671
2004-05-10/2004-05-16,0.22551214694976807
2004-05-17/2004-05-23,0.271659255027771
2004-05-24/2004-05-30,0.21800315380096436
2004-05-31/2004-06-06,0.1593865156173706
2004-06-07/2004-06-13,0.22890639305114746
2004-06-14/2004-06-20,0.24186384677886963
2004-06-21/2004-06-27,0.22935783863067627
2004-06-28/2004-07-04,0.1987503170967102
2004-07-05/2004-07-11,0.22736221551895142
2004-07-12/2004-07-18,0.2674320936203003
2004-07-19/2004-07-25,0.23108547925949097
2004-07-26/2004-08-01,0.16771984100341797
2004-08-02/2004-08-08,0.19165277481079102
2004-08-09/2004-08-15,0.18803012371063232
2004-08-16/2004-08-22,0.19796663522720337
2004-08-23/2004-08-29,0.2266068458557129
2004-08-30/2004-09-05,0.24104458093643188
2004-09-06/2004-09-12,0.24585819244384766
2004-09-13/2004-09-19,0.24916040897369385
2004-09-20/2004-09-26,0.2290574312210083
2004-09-27/2004-10-03,0.18867850303649902
2004-10-04/2004-10-10,0.20284199714660645
2004-10-11/2004-10-17,0.22376912832260132
2004-10-18/2004-10-24,0.16871559619903564
2004-10-25/2004-10-31,0.2098451852798462
2004-11-01/2004-11-07,0.26837509870529175
2004-11-08/2004-11-14,0.18875336647033691
2004-11-15/2004-11-21,0.24260157346725464
2004-11-22/2004-11-28,0.19241899251937866
2004-11-29/2004-12-05,0.22827410697937012
2004-12-06/2004-12-12,0.23064124584197998
2004-12-13/2004-12-19,0.208659827709198
2004-12-20/2004-12-26,0.1935255527496338
2004-12-27/2005-01-02,0.29695701599121094
2005-01-03/2005-01-09,0.17218434810638428
2005-01-10/2005-01-16,0.1632310152053833
2005-01-17/2005-01-23,0.25178223848342896
2005-01-24/2005-01-30,0.26290225982666016
2005-01-31/2005-02-06,0.21772825717926025
2005-02-07/2005-02-13,0.29665184020996094
2005-02-14/2005-02-20,0.27487003803253174
2005-02-21/2005-02-27,0.2132205367088318
2005-02-28/2005-03-06,0.22121590375900269
2005-03-07/2005-03-13,0.20016330480575562
2005-03-14/2005-03-20,0.23334091901779175
2005-03-21/2005-03-27,0.21646404266357422
2005-03-28/2005-04-03,0.244245707988739
2005-04-04/2005-04-10,0.2124842405319214
2005-04-11/2005-04-17,0.21693170070648193
2005-04-18/2005-04-24,0.2259366512298584
2005-04-25/2005-05-01,0.24106115102767944
2005-05-02/2005-05-08,0.21117544174194336
2005-05-09/2005-05-15,0.20074284076690674
2005-05-16/2005-05-22,0.17074054479599
2005-05-23/2005-05-29,0.22070258855819702
2005-05-30/2005-06-05,0.25628745555877686
2005-06-06/2005-06-12,0.19326961040496826
2005-06-13/2005-06-19,0.2078046202659607
2005-06-20/2005-06-26,0.2211766242980957
2005-06-27/2005-07-03,0.2040492296218872
2005-07-04/2005-07-10,0.23073029518127441
2005-07-11/2005-07-17,0.19737935066223145
2005-07-18/2005-07-24,0.1950434446334839
2005-07-25/2005-07-31,0.2011404037475586
2005-08-01/2005-08-07,0.1896202564239502
2005-08-08/2005-08-14,0.19402825832366943
2005-08-15/2005-08-21,0.21733307838439941
2005-08-22/2005-08-28,0.19375014305114746
2005-08-29/2005-09-04,0.24045753479003906
2005-09-05/2005-09-11,0.2499544620513916
2005-09-12/2005-09-18,0.24699842929840088
2005-09-19/2005-09-25,0.24960273504257202
2005-09-26/2005-10-02,0.1918576955795288
2005-10-03/2005-10-09,0.21148663759231567
2005-10-10/2005-10-16,0.21463394165039062
2005-10-17/2005-10-23,0.20543265342712402
2005-10-24/2005-10-30,0.20316004753112793
2005-10-31/2005-11-06,0.19234639406204224
2005-11-07/2005-11-13,0.19388169050216675
2005-11-14/2005-11-20,0.22465062141418457
2005-11-21/2005-11-27,0.2483004927635193
2005-11-28/2005-12-04,0.29746806621551514
2005-12-05/2005-12-11,0.2594090700149536
2005-12-12/2005-12-18,0.2563629746437073
2005-12-19/2005-12-25,0.21555578708648682
2005-12-26/2006-01-01,0.26075780391693115
2006-01-02/2006-01-08,0.21857905387878418
2006-01-09/2006-01-15,0.22902518510818481
2006-01-16/2006-01-22,0.2354406714439392
2006-01-23/2006-01-29,0.1938713788986206
2006-01-30/2006-02-05,0.22254180908203125
2006-02-06/2006-02-12,0.17549538612365723
2006-02-13/2006-02-19,0.21490854024887085
2006-02-20/2006-02-26,0.1918025016784668
2006-02-27/2006-03-05,0.285888135433197
2006-03-06/2006-03-12,0.22918260097503662
2006-03-13/2006-03-19,0.19422030448913574
2006-03-20/2006-03-26,0.23043817281723022
2006-03-27/2006-04-02,0.17805755138397217
2006-04-03/2006-04-09,0.200267493724823
2006-04-10/2006-04-16,0.20115649700164795
2006-04-17/2006-04-23,0.23325437307357788
2006-04-24/2006-04-30,0.24437230825424194
2006-05-01/2006-05-07,0.22183555364608765
2006-05-08/2006-05-14,0.19018816947937012
2006-05-15/2006-05-21,0.23646849393844604
2006-05-22/2006-05-28,0.20435118675231934
2006-05-29/2006-06-04,0.1748884916305542
2006-06-05/2006-06-11,0.19470596313476562
2006-06-12/2006-06-18,0.13444113731384277
2006-06-19/2006-06-25,0.13809967041015625
2006-06-26/2006-07-02,0.20084148645401
2006-07-03/2006-07-09,0.2018631100654602
2006-07-10/2006-07-16,0.2175508737564087
2006-07-17/2006-07-23,0.1621224284172058
2006-07-24/2006-07-30,0.17774415016174316
2006-07-31/2006-08-06,0.16356050968170166
2006-08-07/2006-08-13,0.188296377658844
2006-08-14/2006-08-20,0.2231922149658203
2006-08-21/2006-08-27,0.21724259853363037
2006-08-28/2006-09-03,0.1917029619216919
2006-09-04/2006-09-10,0.5906496047973633
2006-09-11/2006-09-17,0.6562750339508057
2006-09-18/2006-09-24,0.379694402217865
2006-09-25/2006-10-01,0.22559791803359985
2006-10-02/2006-10-08,0.6396579742431641
2006-10-09/2006-10-15,0.6254608631134033
2006-10-16/2006-10-22,0.26376110315322876
2006-10-23/2006-10-29,0.4409902095794678
2006-10-30/2006-11-05,0.6383538842201233
2006-11-06/2006-11-12,0.5053770542144775
2006-11-13/2006-11-19,0.15411442518234253
2006-11-20/2006-11-26,0.18155300617218018
2006-11-27/2006-12-03,0.2212246060371399
2006-12-04/2006-12-10,0.20360898971557617
2006-12-11/2006-12-17,0.20947307348251343
2006-12-18/2006-12-24,0.21394014358520508
2006-12-25/2006-12-31,0.3032491207122803
2007-01-01/2007-01-07,0.3383510112762451
2007-01-08/2007-01-14,0.2350461483001709
2007-01-15/2007-01-21,0.21699655055999756
2007-01-22/2007-01-28,0.276769757270813
2007-01-29/2007-02-04,0.24438101053237915
2007-02-05/2007-02-11,0.22907060384750366
2007-02-12/2007-02-18,0.20739471912384033
2007-02-19/2007-02-25,0.2094573974609375
2007-02-26/2007-03-04,0.24050390720367432
2007-03-05/2007-03-11,0.19180333614349365
2007-03-12/2007-03-18,0.2300586700439453
2007-03-19/2007-03-25,0.2308538556098938
2007-03-26/2007-04-01,0.2521936893463135
2007-04-02/2007-04-08,0.22904753684997559
2007-04-09/2007-04-15,0.2186604142189026
2007-04-16/2007-04-22,0.20380210876464844
2007-04-23/2007-04-29,0.2023717164993286
2007-04-30/2007-05-06,0.21825069189071655
2007-05-07/2007-05-13,0.24814683198928833
2007-05-14/2007-05-20,0.1619713306427002
2007-05-21/2007-05-27,0.1890707015991211
2007-05-28/2007-06-03,0.19601327180862427
2007-06-04/2007-06-10,0.20002877712249756
2007-06-11/2007-06-17,0.1900557279586792
2007-06-18/2007-06-24,0.20600032806396484
2007-06-25/2007-07-01,0.24340981245040894
2007-07-02/2007-07-08,0.2428905963897705
2007-07-09/2007-07-15,0.20120322704315186
2007-07-16/2007-07-22,0.14618492126464844
2007-07-23/2007-07-29,0.23646265268325806
2007-07-30/2007-08-05,0.22907131910324097
2007-08-06/2007-08-12,0.15624070167541504
2007-08-13/2007-08-19,0.1497330665588379
2007-08-20/2007-08-26,0.233728289604187
2007-08-27/2007-09-02,0.2774201035499573
2007-09-03/2007-09-09,0.26499640941619873
2007-09-10/2007-09-16,0.23494553565979004
2007-09-17/2007-09-23,0.18355858325958252
2007-09-24/2007-09-30,0.23125743865966797
2007-10-01/2007-10-07,0.23869383335113525
2007-10-08/2007-10-14,0.17812013626098633
2007-10-15/2007-10-21,0.2030283808708191
2007-10-22/2007-10-28,0.22561144828796387
2007-10-29/2007-11-04,0.2310429811477661
2007-11-05/2007-11-11,0.2575005292892456
2007-11-12/2007-11-18,0.19241470098495483
2007-11-19/2007-11-25,0.16847431659698486
2007-11-26/2007-12-02,0.19543379545211792
2007-12-03/2007-12-09,0.188143789768219
2007-12-10/2007-12-16,0.19642424583435059
2007-12-17/2007-12-23,0.2768957018852234
2007-12-24/2007-12-30,0.25484901666641235
2007-12-31/2008-01-06,0.18419623374938965
2008-01-07/2008-01-13,0.1963745355606079
2008-01-14/2008-01-20,0.2631879448890686
2008-01-21/2008-01-27,0.21103602647781372
2008-01-28/2008-02-03,0.1970515251159668
2008-02-04/2008-02-10,0.15504372119903564
2008-02-11/2008-02-17,0.193078875541687
2008-02-18/2008-02-24,0.19798672199249268
2008-02-25/2008-03-02,0.21051186323165894
2008-03-03/2008-03-09,0.1819854974746704
2008-03-10/2008-03-16,0.19284534454345703
2008-03-17/2008-03-23,0.23304957151412964
2008-03-24/2008-03-30,0.2526134252548218
2008-03-31/2008-04-06,0.21037840843200684
2008-04-07/2008-04-13,0.20303058624267578
2008-04-14/2008-04-20,0.17407691478729248
2008-04-21/2008-04-27,0.2011035680770874
2008-04-28/2008-05-04,0.19799578189849854
2008-05-05/2008-05-11,0.228380024433136
2008-05-12/2008-05-18,0.2789706587791443
2008-05-19/2008-05-25,0.20101237297058105
2008-05-26/2008-06-01,0.24580436944961548
2008-06-02/2008-06-08,0.21267151832580566
2008-06-09/2008-06-15,0.22487354278564453
2008-06-16/2008-06-22,0.20639991760253906
2008-06-23/2008-06-29,0.18993616104125977
2008-06-30/2008-07-06,0.19659149646759033
2008-07-07/2008-07-13,0.1919899582862854
2008-07-14/2008-07-20,0.1938532590866089
2008-07-21/2008-07-27,0.2006148099899292
2008-07-28/2008-08-03,0.3011903762817383
2008-08-04/2008-08-10,0.2987382411956787
2008-08-11/2008-08-17,0.23756247758865356
2008-08-18/2008-08-24,0.16074347496032715
2008-08-25/2008-08-31,0.18273615837097168
2008-09-01/2008-09-07,0.19718575477600098
2008-09-08/2008-09-14,0.2503000497817993
2008-09-15/2008-09-21,0.2430938482284546
2008-09-22/2008-09-28,0.2766631841659546
2008-09-29/2008-10-05,0.21770042181015015
2008-10-06/2008-10-12,0.23159945011138916
2008-10-13/2008-10-19,0.25359463691711426
2008-10-20/2008-10-26,0.2534881830215454
2008-10-27/2008-11-02,0.19979166984558105
2008-11-03/2008-11-09,0.205064594745636
2008-11-10/2008-11-16,0.20793098211288452
2008-11-17/2008-11-23,0.26352226734161377
2008-11-24/2008-11-30,0.28160548210144043
2008-12-01/2008-12-07,0.2696352005004883
2008-12-08/2008-12-14,0.24088096618652344
2008-12-15/2008-12-21,0.18265044689178467
2008-12-22/2008-12-28,0.21646738052368164
2008-12-29/2009-01-04,0.24650537967681885
2009-01-05/2009-01-11,0.2779393196105957
2009-01-12/2009-01-18,0.24489641189575195
2009-01-19/2009-01-25,0.24778598546981812
2009-01-26/2009-02-01,0.21048414707183838
2009-02-02/2009-02-08,0.20138436555862427
2009-02-09/2009-02-15,0.2241142988204956
2009-02-16/2009-02-22,0.169613778591156
2009-02-23/2009-03-01,0.18349170684814453
2009-03-02/2009-03-08,0.2170531153678894
2009-03-09/2009-03-15,0.28631359338760376
2009-03-16/2009-03-22,0.18919992446899414
2009-03-23/2009-03-29,0.22021806240081787
2009-03-30/2009-04-05,0.21545690298080444
2009-04-06/2009-04-12,0.2866530418395996
2009-04-13/2009-04-19,0.26993244886398315
2009-04-20/2009-04-26,0.20223289728164673
2009-04-27/2009-05-03,0.18528109788894653
2009-05-04/2009-05-10,0.17213380336761475
2009-05-11/2009-05-17,0.19252407550811768
2009-05-18/2009-05-24,0.27550017833709717
2009-05-25/2009-05-31,0.22311830520629883
2009-06-01/2009-06-07,0.1861264705657959
2009-06-08/2009-06-14,0.21857166290283203
2009-06-15/2009-06-21,0.20287835597991943
2009-06-22/2009-06-28,0.2123391032218933
2009-06-29/2009-07-05,0.22798669338226318
2009-07-06/2009-07-12,0.22847342491149902
2009-07-13/2009-07-19,0.22624623775482178
2009-07-20/2009-07-26,0.1645873785018921
2009-07-27/2009-08-02,0.18259954452514648
2009-08-03/2009-08-09,0.2065366506576538
2009-08-10/2009-08-16,0.22172880172729492
2009-08-17/2009-08-23,0.20943868160247803
2009-08-24/2009-08-30,0.19476354122161865
2009-08-31/2009-09-06,0.1793229579925537
2009-09-07/2009-09-13,0.23975598812103271
2009-09-14/2009-09-20,0.2941436171531677
2009-09-21/2009-09-27,0.22271203994750977
2009-09-28/2009-10-04,0.22115153074264526
2009-10-05/2009-10-11,0.18519604206085205
2009-10-12/2009-10-18,0.19846594333648682
2009-10-19/2009-10-25,0.2752295732498169
2009-10-26/2009-11-01,0.22632968425750732
2009-11-02/2009-11-08,0.19477665424346924
2009-11-09/2009-11-15,0.19858402013778687
2009-11-16/2009-11-22,0.22683298587799072
2009-11-23/2009-11-29,0.2267211675643921
2009-11-30/2009-12-06,0.2068614959716797
2009-12-07/2009-12-13,0.21995723247528076
2009-12-14/2009-12-20,0.22179287672042847
2009-12-21/2009-12-27,0.26688021421432495
2009-12-28/2010-01-03,0.2757258415222168
2010-01-04/2010-01-10,0.2761867046356201
2010-01-11/2010-01-17,0.23295146226882935
2010-01-18/2010-01-24,0.26825058460235596
2010-01-25/2010-01-31,0.2307136058807373
2010-02-01/2010-02-07,0.22148489952087402
2010-02-08/2010-02-14,0.282077431678772
2010-02-15/2010-02-21,0.21350836753845215
2010-02-22/2010-02-28,0.2054518461227417
2010-03-01/2010-03-07,0.2260074019432068
2010-03-08/2010-03-14,0.21802735328674316
2010-03-15/2010-03-21,0.1612401008605957
2010-03-22/2010-03-28,0.17239844799041748
2010-03-29/2010-04-04,0.22543734312057495
2010-04-05/2010-04-11,0.1947423219680786
2010-04-12/2010-04-18,0.2124394178390503
2010-04-19/2010-04-25,0.228235125541687
2010-04-26/2010-05-02,0.19041234254837036
2010-05-03/2010-05-09,0.19251614809036255
2010-05-10/2010-05-16,0.229891836643219
2010-05-17/2010-05-23,0.28766220808029175
2010-05-24/2010-05-30,0.23978877067565918
2010-05-31/2010-06-06,0.22565865516662598
2010-06-07/2010-06-13,0.2636783719062805
2010-06-14/2010-06-20,0.2038387656211853
2010-06-21/2010-06-27,0.19218313694000244
2010-06-28/2010-07-04,0.22465085983276367
2010-07-05/2010-07-11,0.2750902771949768
2010-07-12/2010-07-18,0.20989811420440674
2010-07-19/2010-07-25,0.17586147785186768
2010-07-26/2010-08-01,0.15804201364517212
2010-08-02/2010-08-08,0.2132124900817871
2010-08-09/2010-08-15,0.2306731939315796
2010-08-16/2010-08-22,0.2245877981185913
2010-08-23/2010-08-29,0.2377551794052124
2010-08-30/2010-09-05,0.1700371503829956
2010-09-06/2010-09-12,0.16794955730438232
2010-09-13/2010-09-19,0.22725069522857666
2010-09-20/2010-09-26,0.20368897914886475
2010-09-27/2010-10-03,0.19895243644714355
2010-10-04/2010-10-10,0.22003543376922607
2010-10-11/2010-10-17,0.18785417079925537
2010-10-18/2010-10-24,0.21329474449157715
2010-10-25/2010-10-31,0.278409481048584
2010-11-01/2010-11-07,0.2635836601257324
2010-11-08/2010-11-14,0.24738812446594238
2010-11-15/2010-11-21,0.2194463014602661
2010-11-22/2010-11-28,0.19526147842407227
2010-11-29/2010-12-05,0.18380367755889893
2010-12-06/2010-12-12,0.19611740112304688
2010-12-13/2010-12-19,0.21417611837387085
2010-12-20/2010-12-26,0.23678630590438843
2010-12-27/2011-01-02,0.2651935815811157
2011-01-03/2011-01-09,0.18081533908843994
2011-01-10/2011-01-16,0.2321850061416626
2011-01-17/2011-01-23,0.21348106861114502
2011-01-24/2011-01-30,0.34351658821105957
2011-01-31/2011-02-06,0.3068263530731201
2011-02-07/2011-02-13,0.22287940979003906
2011-02-14/2011-02-20,0.20449018478393555
2011-02-21/2011-02-27,0.1828930377960205
2011-02-28/2011-03-06,0.17720991373062134
2011-03-07/2011-03-13,0.18339943885803223
2011-03-14/2011-03-20,0.23291850090026855
2011-03-21/2011-03-27,0.22391533851623535
2011-03-28/2011-04-03,0.2622647285461426
2011-04-04/2011-04-10,0.19676685333251953
2011-04-11/2011-04-17,0.17165696620941162
2011-04-18/2011-04-24,0.23498260974884033
2011-04-25/2011-05-01,0.2558218240737915
2011-05-02/2011-05-08,0.21512997150421143
2011-05-09/2011-05-15,0.18632149696350098
2011-05-16/2011-05-22,0.24756622314453125
2011-05-23/2011-05-29,0.21736693382263184
2011-05-30/2011-06-05,0.2828395366668701
2011-06-06/2011-06-12,0.2248145341873169
2011-06-13/2011-06-19,0.2293749451637268
2011-06-20/2011-06-26,0.19388067722320557
2011-06-27/2011-07-03,0.25638431310653687
2011-07-04/2011-07-10,0.24008309841156006
2011-07-11/2011-07-17,0.2267448902130127
2011-07-18/2011-07-24,0.2288503646850586
2011-07-25/2011-07-31,0.15465939044952393
2011-08-01/2011-08-07,0.2197868824005127
2011-08-08/2011-08-14,0.21336448192596436
2011-08-15/2011-08-21,0.1943415403366089
2011-08-22/2011-08-28,0.2080175280570984
2011-08-29/2011-09-04,0.21966886520385742
2011-09-05/2011-09-11,0.1997697353363037
2011-09-12/2011-09-18,0.1996934413909912
2011-09-19/2011-09-25,0.20699834823608398
2011-09-26/2011-10-02,0.20388740301132202
2011-10-03/2011-10-09,0.2526889443397522
2011-10-10/2011-10-16,0.246587872505188
2011-10-17/2011-10-23,0.21050888299942017
2011-10-24/2011-10-30,0.18942487239837646
2011-10-31/2011-11-06,0.16183948516845703
2011-11-07/2011-11-13,0.21431052684783936
2011-11-14/2011-11-20,0.22528046369552612
2011-11-21/2011-11-27,0.22462350130081177
2011-11-28/2011-12-04,0.22271811962127686
2011-12-05/2011-12-11,0.19602835178375244
2011-12-12/2011-12-18,0.18156123161315918
2011-12-19/2011-12-25,0.17872512340545654
2011-12-26/2012-01-01,0.23476159572601318
2012-01-02/2012-01-08,0.3320651054382324
2012-01-09/2012-01-15,0.2983071208000183
2012-01-16/2012-01-22,0.22581970691680908
2012-01-23/2012-01-29,0.2566734552383423
2012-01-30/2012-02-05,0.2183849811553955
2012-02-06/2012-02-12,0.19762641191482544
2012-02-13/2012-02-19,0.2079181671142578
2012-02-20/2012-02-26,0.20935803651809692
2012-02-27/2012-03-04,0.21377742290496826
2012-03-05/2012-03-11,0.19796741008758545
2012-03-12/2012-03-18,0.22494423389434814
2012-03-19/2012-03-25,0.2300146222114563
2012-03-26/2012-04-01,0.19171053171157837
2012-04-02/2012-04-08,0.22529518604278564
2012-04-09/2012-04-15,0.2881891131401062
2012-04-16/2012-04-22,0.2529546618461609
2012-04-23/2012-04-29,0.22916412353515625
2012-04-30/2012-05-06,0.21160292625427246
2012-05-07/2012-05-13,0.18453538417816162
2012-05-14/2012-05-20,0.18928265571594238
2012-05-21/2012-05-27,0.21123814582824707
2012-05-28/2012-06-03,0.18829268217086792
2012-06-04/2012-06-10,0.17615246772766113
2012-06-11/2012-06-17,0.20255506038665771
2012-06-18/2012-06-24,0.2616947293281555
2012-06-25/2012-07-01,0.23530125617980957
2012-07-02/2012-07-08,0.2268352508544922
2012-07-09/2012-07-15,0.2775610685348511
2012-07-16/2012-07-22,0.31456124782562256
2012-07-23/2012-07-29,0.19479727745056152
2012-07-30/2012-08-05,0.21143782138824463
2012-08-06/2012-08-12,0.1928805112838745
2012-08-13/2012-08-19,0.15937387943267822
2012-08-20/2012-08-26,0.15942931175231934
2012-08-27/2012-09-02,0.20809614658355713
2012-09-03/2012-09-09,0.21419715881347656
2012-09-10/2012-09-16,0.19719535112380981
2012-09-17/2012-09-23,0.22273218631744385
2012-09-24/2012-09-30,0.21697252988815308
2012-10-01/2012-10-07,0.2362806797027588
2012-10-08/2012-10-14,0.19397377967834473
2012-10-15/2012-10-21,0.22330164909362793
2012-10-22/2012-10-28,0.21451222896575928
2012-10-29/2012-11-04,0.2028300166130066
2012-11-05/2012-11-11,0.1780332326889038
2012-11-12/2012-11-18,0.2941948175430298
2012-11-19/2012-11-25,0.3145636320114136
2012-11-26/2012-12-02,0.2614486813545227
2012-12-03/2012-12-09,0.19090521335601807
2012-12-10/2012-12-16,0.22825801372528076
2012-12-17/2012-12-23,0.2280866503715515
2012-12-24/2012-12-30,0.36437809467315674
2012-12-31/2013-01-06,0.35024577379226685
2013-01-07/2013-01-13,0.28678828477859497
2013-01-14/2013-01-20,0.24930715560913086
2013-01-21/2013-01-27,0.1848125457763672
2013-01-28/2013-02-03,0.1730276346206665
2013-02-04/2013-02-10,0.18543756008148193
2013-02-11/2013-02-17,0.2205897569656372
2013-02-18/2013-02-24,0.2045324444770813
2013-02-25/2013-03-03,0.17531025409698486
2013-03-04/2013-03-10,0.1917341947555542
2013-03-11/2013-03-17,0.17617708444595337
2013-03-18/2013-03-24,0.18737339973449707
2013-03-25/2013-03-31,0.29877960681915283
2013-04-01/2013-04-07,0.27311068773269653
2013-04-08/2013-04-14,0.2135143280029297
2013-04-15/2013-04-21,0.2345677614212036
2013-04-22/2013-04-28,0.21610742807388306
2013-04-29/2013-05-05,0.2715136408805847
2013-05-06/2013-05-12,0.18163108825683594
2013-05-13/2013-05-19,0.1903841495513916
2013-05-20/2013-05-26,0.28512489795684814
2013-05-27/2013-06-02,0.20871245861053467
2013-06-03/2013-06-09,0.2410827875137329
2013-06-10/2013-06-16,0.2742220163345337
2013-06-17/2013-06-23,0.25219297409057617
2013-06-24/2013-06-30,0.2112511396408081
2013-07-01/2013-07-07,0.2089376449584961
2013-07-08/2013-07-14,0.21606767177581787
2013-07-15/2013-07-21,0.1901649832725525
2013-07-22/2013-07-28,0.21296536922454834
2013-07-29/2013-08-04,0.18078100681304932
2013-08-05/2013-08-11,0.22136378288269043
2013-08-12/2013-08-18,0.20537114143371582
2013-08-19/2013-08-25,0.17399436235427856
2013-08-26/2013-09-01,0.22113025188446045
2013-09-02/2013-09-08,0.19684207439422607
2013-09-09/2013-09-15,0.1826537847518921
2013-09-16/2013-09-22,0.1635228395462036
2013-09-23/2013-09-29,0.22927391529083252
2013-09-30/2013-10-06,0.27479124069213867
2013-10-07/2013-10-13,0.217079758644104
2013-10-14/2013-10-20,0.22227680683135986
2013-10-21/2013-10-27,0.2310999631881714
2013-10-28/2013-11-03,0.27622079849243164
2013-11-04/2013-11-10,0.2171539068222046
2013-11-11/2013-11-17,0.19404083490371704
2013-11-18/2013-11-24,0.15976613759994507
2013-11-25/2013-12-01,0.19758522510528564
2013-12-02/2013-12-08,0.23664569854736328
2013-12-09/2013-12-15,0.22268688678741455
2013-12-16/2013-12-22,0.2392207384109497
2013-12-23/2013-12-29,0.36074209213256836
2013-12-30/2014-01-05,0.44241052865982056
2014-01-06/2014-01-12,0.2853851318359375
2014-01-13/2014-01-19,0.21651238203048706
2014-01-20/2014-01-26,0.20142745971679688
2014-01-27/2014-02-02,0.27279841899871826
2014-02-03/2014-02-09,0.1813473105430603
2014-02-10/2014-02-16,0.17810368537902832
2014-02-17/2014-02-23,0.20176434516906738
2014-02-24/2014-03-02,0.21719735860824585
2014-03-03/2014-03-09,0.2474607229232788
2014-03-10/2014-03-16,0.2215527892112732
2014-03-17/2014-03-23,0.24566501379013062
2014-03-24/2014-03-30,0.2646061182022095
2014-03-31/2014-04-06,0.21483063697814941
2014-04-07/2014-04-13,0.1909627914428711
2014-04-14/2014-04-20,0.22195583581924438
2014-04-21/2014-04-27,0.23404276371002197
2014-04-28/2014-05-04,0.3082224130630493
2014-05-05/2014-05-11,0.24217069149017334
2014-05-12/2014-05-18,0.15183496475219727
2014-05-19/2014-05-25,0.22329390048980713
2014-05-26/2014-06-01,0.23932480812072754
2014-06-02/2014-06-08,0.17890465259552002
2014-06-09/2014-06-15,0.1992729902267456
2014-06-16/2014-06-22,0.18747437000274658
2014-06-23/2014-06-29,0.19464582204818726
2014-06-30/2014-07-06,0.1901766061782837
2014-07-07/2014-07-13,0.19287043809890747
2014-07-14/2014-07-20,0.17967331409454346
2014-07-21/2014-07-27,0.1781441569328308
2014-07-28/2014-08-03,0.1700141429901123
2014-08-04/2014-08-10,0.22285473346710205
2014-08-11/2014-08-17,0.2422768473625183
2014-08-18/2014-08-24,0.26143908500671387
2014-08-25/2014-08-31,0.27027857303619385
2014-09-01/2014-09-07,0.26141881942749023
2014-09-08/2014-09-14,0.1620529294013977
2014-09-15/2014-09-21,0.17662477493286133
2014-09-22/2014-09-28,0.20067137479782104
2014-09-29/2014-10-05,0.21520066261291504
2014-10-06/2014-10-12,0.2001333236694336
2014-10-13/2014-10-19,0.21047449111938477
2014-10-20/2014-10-26,0.20154094696044922
2014-10-27/2014-11-02,0.21346163749694824
2014-11-03/2014-11-09,0.22433650493621826
2014-11-10/2014-11-16,0.21454763412475586
2014-11-17/2014-11-23,0.19891655445098877
2014-11-24/2014-11-30,0.17134875059127808
2014-12-01/2014-12-07,0.234582781791687
2014-12-08/2014-12-14,0.2011934518814087
2014-12-15/2014-12-21,0.18141114711761475
2014-12-22/2014-12-28,0.3334317207336426
2014-12-29/2015-01-04,0.2709474563598633
2015-01-05/2015-01-11,0.48078417778015137
2015-01-12/2015-01-18,0.5569280385971069
2015-01-19/2015-01-25,0.4886949062347412
2015-01-26/2015-02-01,0.21921586990356445
2015-02-02/2015-02-08,0.245993971824646
2015-02-09/2015-02-15,0.22856569290161133
2015-02-16/2015-02-22,0.21254712343215942
2015-02-23/2015-03-01,0.1766425371170044
2015-03-02/2015-03-08,0.2417675256729126
2015-03-09/2015-03-15,0.24496757984161377
2015-03-16/2015-03-22,0.21678763628005981
2015-03-23/2015-03-29,0.19512677192687988
2015-03-30/2015-04-05,0.22767502069473267
2015-04-06/2015-04-12,0.1868758201599121
2015-04-13/2015-04-19,0.1898963451385498
2015-04-20/2015-04-26,0.232427179813385
2015-04-27/2015-05-03,0.21977919340133667
2015-05-04/2015-05-10,0.23566704988479614
2015-05-11/2015-05-17,0.22320914268493652
2015-05-18/2015-05-24,0.18933874368667603
2015-05-25/2015-05-31,0.18098247051239014
2015-06-01/2015-06-07,0.1874212622642517
2015-06-08/2015-06-14,0.18182909488677979
2015-06-15/2015-06-21,0.19283431768417358
2015-06-22/2015-06-28,0.221014142036438
2015-06-29/2015-07-05,0.19713687896728516
2015-07-06/2015-07-12,0.15174883604049683
2015-07-13/2015-07-19,0.15408527851104736
2015-07-20/2015-07-26,0.18105602264404297
2015-07-27/2015-08-02,0.14801180362701416
2015-08-03/2015-08-09,0.15635418891906738
2015-08-10/2015-08-16,0.2415475845336914
2015-08-17/2015-08-23,0.22021597623825073
2015-08-24/2015-08-30,0.22466474771499634
2015-08-31/2015-09-06,0.2981286644935608
2015-09-07/2015-09-13,0.27469170093536377
2015-09-14/2015-09-20,0.19295573234558105
2015-09-21/2015-09-27,0.20111918449401855
2015-09-28/2015-10-04,0.19465184211730957
2015-10-05/2015-10-11,0.23658645153045654
2015-10-12/2015-10-18,0.2185453176498413
2015-10-19/2015-10-25,0.19657456874847412
2015-10-26/2015-11-01,0.22886985540390015
2015-11-02/2015-11-08,0.23057222366333008
2015-11-09/2015-11-15,0.23824286460876465
2015-11-16/2015-11-22,0.26122546195983887
2015-11-23/2015-11-29,0.23231244087219238
2015-11-30/2015-12-06,0.20561355352401733
2015-12-07/2015-12-13,0.19174933433532715
2015-12-14/2015-12-20,0.17922258377075195
2015-12-21/2015-12-27,0.2696259617805481
2015-12-28/2016-01-03,0.3169441223144531
2016-01-04/2016-01-10,0.29130351543426514
2016-01-11/2016-01-17,0.26479387283325195
2016-01-18/2016-01-24,0.261418879032135
2016-01-25/2016-01-31,0.19727635383605957
2016-02-01/2016-02-07,0.2180737853050232
2016-02-08/2016-02-14,0.18532639741897583
2016-02-15/2016-02-21,0.218377947807312
2016-02-22/2016-02-28,0.20431530475616455
2016-02-29/2016-03-06,0.1956813931465149
2016-03-07/2016-03-13,0.1933903694152832
2016-03-14/2016-03-20,0.14999890327453613
2016-03-21/2016-03-27,0.22655433416366577
2016-03-28/2016-04-03,0.26400744915008545
2016-04-04/2016-04-10,0.20031046867370605
2016-04-11/2016-04-17,0.24376988410949707
2016-04-18/2016-04-24,0.21805715560913086
2016-04-25/2016-05-01,0.16304850578308105
2016-05-02/2016-05-08,0.22410321235656738
2016-05-09/2016-05-15,0.225263774394989
2016-05-16/2016-05-22,0.19173520803451538
2016-05-23/2016-05-29,0.2654632329940796
2016-05-30/2016-06-05,0.21198487281799316
2016-06-06/2016-06-12,0.22881251573562622
2016-06-13/2016-06-19,0.25834208726882935
2016-06-20/2016-06-26,0.217199444770813
2016-06-27/2016-07-03,0.21852648258209229
2016-07-04/2016-07-10,0.154518723487854
2016-07-11/2016-07-17,0.27375197410583496
2016-07-18/2016-07-24,0.24374854564666748
2016-07-25/2016-07-31,0.23399555683135986
2016-08-01/2016-08-07,0.21172583103179932
2016-08-08/2016-08-14,0.22573387622833252
2016-08-15/2016-08-21,0.20328903198242188
2016-08-22/2016-08-28,0.23067164421081543
2016-08-29/2016-09-04,0.23448413610458374
2016-09-05/2016-09-11,0.22778302431106567
2016-09-12/2016-09-18,0.21786195039749146
2016-09-19/2016-09-25,0.18639707565307617
2016-09-26/2016-10-02,0.24363654851913452
2016-10-03/2016-10-09,0.2600483298301697
2016-10-10/2016-10-16,0.25788724422454834
2016-10-17/2016-10-23,0.32013386487960815
2016-10-24/2016-10-30,0.28108322620391846
2016-10-31/2016-11-06,0.2890125513076782
2016-11-07/2016-11-13,0.26584434509277344
2016-11-14/2016-11-20,0.28338396549224854
2016-11-21/2016-11-27,0.23017573356628418
2016-11-28/2016-12-04,0.25747883319854736
2016-12-05/2016-12-11,0.29246097803115845
2016-12-12/2016-12-18,0.2993415594100952
2016-12-19/2016-12-25,0.27030134201049805
2016-12-26/2017-01-01,0.35119491815567017
2017-01-02/2017-01-08,0.39380812644958496
2017-01-09/2017-01-15,0.29044657945632935
2017-01-16/2017-01-22,0.250698983669281
2017-01-23/2017-01-29,0.26658952236175537
2017-01-30/2017-02-05,0.24681371450424194
2017-02-06/2017-02-12,0.24686050415039062
2017-02-13/2017-02-19,0.19808578491210938
2017-02-20/2017-02-26,0.18294000625610352
2017-02-27/2017-03-05,0.2694178819656372
2017-03-06/2017-03-12,0.21041607856750488
2017-03-13/2017-03-19,0.2071589231491089
2017-03-20/2017-03-26,0.22105610370635986
2017-03-27/2017-04-02,0.1944659948348999
2017-04-03/2017-04-09,0.2528519630432129
2017-04-10/2017-04-16,0.2917265295982361
2017-04-17/2017-04-23,0.2608996033668518
2017-04-24/2017-04-30,0.18777799606323242
2017-05-01/2017-05-07,0.20728987455368042
2017-05-08/2017-05-14,0.22669267654418945
2017-05-15/2017-05-21,0.2505337595939636
2017-05-22/2017-05-28,0.2114911675453186
2017-05-29/2017-06-04,0.17402541637420654
2017-06-05/2017-06-11,0.21584177017211914
2017-06-12/2017-06-18,0.2678453326225281
2017-06-19/2017-06-25,0.3135804533958435
2017-06-26/2017-07-02,0.23939836025238037
2017-07-03/2017-07-09,0.24335700273513794
2017-07-10/2017-07-16,0.21809911727905273
2017-07-17/2017-07-23,0.2615881562232971
2017-07-24/2017-07-30,0.2931978702545166
2017-07-31/2017-08-06,0.20837831497192383
2017-08-07/2017-08-13,0.2407599687576294
2017-08-14/2017-08-20,0.24204981327056885
2017-08-21/2017-08-27,0.22504031658172607
2017-08-28/2017-09-03,0.2485194206237793
2017-09-04/2017-09-10,0.2249320149421692
2017-09-11/2017-09-17,0.2046976089477539
2017-09-18/2017-09-24,0.22317922115325928
2017-09-25/2017-10-01,0.21393299102783203
2017-10-02/2017-10-08,0.25293320417404175
2017-10-09/2017-10-15,0.31117308139801025
2017-10-16/2017-10-22,0.27508604526519775
2017-10-23/2017-10-29,0.20873785018920898
2017-10-30/2017-11-05,0.16405224800109863
2017-11-06/2017-11-12,0.2486954927444458
2017-11-13/2017-11-19,0.19997364282608032
2017-11-20/2017-11-26,0.18474197387695312
2017-11-27/2017-12-03,0.23012375831604004
2017-12-04/2017-12-10,0.25167328119277954
2017-12-11/2017-12-17,0.26120495796203613
2017-12-18/2017-12-24,0.24374765157699585
2017-12-25/2017-12-31,0.37234705686569214
2018-01-01/2018-01-07,0.39255738258361816
2018-01-08/2018-01-14,0.27305006980895996
2018-01-15/2018-01-21,0.32538366317749023
2018-01-22/2018-01-28,0.2761693000793457
2018-01-29/2018-02-04,0.2574491500854492
2018-02-05/2018-02-11,0.2025221586227417
2018-02-12/2018-02-18,0.251623272895813
2018-02-19/2018-02-25,0.2775857448577881
2018-02-26/2018-03-04,0.18923133611679077
2018-03-05/2018-03-11,0.18997299671173096
2018-03-12/2018-03-18,0.19804680347442627
2018-03-19/2018-03-25,0.14135444164276123
2018-03-26/2018-04-01,0.23515188694000244
2018-04-02/2018-04-08,0.24564355611801147
2018-04-09/2018-04-15,0.2377471923828125
2018-04-16/2018-04-22,0.2268843650817871
2018-04-23/2018-04-29,0.2401728630065918
2018-04-30/2018-05-06,0.2940939664840698
2018-05-07/2018-05-13,0.20237016677856445
2018-05-14/2018-05-20,0.2677702307701111
2018-05-21/2018-05-27,0.28437089920043945
2018-05-28/2018-06-03,0.28571516275405884
2018-06-04/2018-06-10,0.2936179041862488
2018-06-11/2018-06-17,0.2737346887588501
2018-06-18/2018-06-24,0.24586689472198486
2018-06-25/2018-07-01,0.2981070876121521
2018-07-02/2018-07-08,0.24661773443222046
2018-07-09/2018-07-15,0.21574562788009644
2018-07-16/2018-07-22,0.22310853004455566
2018-07-23/2018-07-29,0.25041794776916504
2018-07-30/2018-08-05,0.22952061891555786
2018-08-06/2018-08-12,0.1871410608291626
2018-08-13/2018-08-19,0.19475460052490234
2018-08-20/2018-08-26,0.28301459550857544
2018-08-27/2018-09-02,0.2889746427536011
2018-09-03/2018-09-09,0.23306477069854736
2018-09-10/2018-09-16,0.1975870132446289
2018-09-17/2018-09-23,0.19606304168701172
2018-09-24/2018-09-30,0.24750858545303345
2018-10-01/2018-10-07,0.2475714087486267
2018-10-08/2018-10-14,0.28504854440689087
2018-10-15/2018-10-21,0.19514572620391846
2018-10-22/2018-10-28,0.2637913227081299
2018-10-29/2018-11-04,0.2673165798187256
2018-11-05/2018-11-11,0.2658829092979431
2018-11-12/2018-11-18,0.2614038586616516
2018-11-19/2018-11-25,0.22044456005096436
2018-11-26/2018-12-02,0.22002631425857544
2018-12-03/2018-12-09,0.2740928530693054
2018-12-10/2018-12-16,0.3068279027938843
2018-12-17/2018-12-23,0.24964672327041626
2018-12-24/2018-12-30,0.3678159713745117
2018-12-31/2019-01-06,0.3590273857116699
2019-01-07/2019-01-13,0.2928163409233093
2019-01-14/2019-01-20,0.22170621156692505
2019-01-21/2019-01-27,0.20797789096832275
2019-01-28/2019-02-03,0.24496328830718994
2019-02-04/2019-02-10,0.1832420825958252
2019-02-11/2019-02-17,0.19716602563858032
2019-02-18/2019-02-24,0.22128158807754517
2019-02-25/2019-03-03,0.24654340744018555
2019-03-04/2019-03-10,0.22850030660629272
2019-03-11/2019-03-17,0.22767460346221924
2019-03-18/2019-03-24,0.17646026611328125
2019-03-25/2019-03-31,0.1882561445236206
2019-04-01/2019-04-07,0.20710748434066772
2019-04-08/2019-04-14,0.18765711784362793
2019-04-15/2019-04-21,0.23174548149108887
2019-04-22/2019-04-28,0.2813427448272705
2019-04-29/2019-05-05,0.2979412078857422
2019-05-06/2019-05-12,0.18793010711669922
2019-05-13/2019-05-19,0.22475266456604004
2019-05-20/2019-05-26,0.26116693019866943
2019-05-27/2019-06-02,0.21738600730895996
2019-06-03/2019-06-09,0.22671878337860107
2019-06-10/2019-06-16,0.26697105169296265
2019-06-17/2019-06-23,0.2431401014328003
2019-06-24/2019-06-30,0.22820353507995605
2019-07-01/2019-07-07,0.3144075870513916
2019-07-08/2019-07-14,0.3181809186935425
2019-07-15/2019-07-21,0.2896203398704529
2019-07-22/2019-07-28,0.31510478258132935
2019-07-29/2019-08-04,0.21952170133590698
2019-08-05/2019-08-11,0.21226030588150024
2019-08-12/2019-08-18,0.21430647373199463
2019-08-19/2019-08-25,0.265373170375824
2019-08-26/2019-09-01,0.23650527000427246
2019-09-02/2019-09-08,0.21081829071044922
2019-09-09/2019-09-15,0.2269953489303589
2019-09-16/2019-09-22,0.3000769019126892
2019-09-23/2019-09-29,0.24123084545135498
2019-09-30/2019-10-06,0.27275609970092773
2019-10-07/2019-10-13,0.2624207139015198
2019-10-14/2019-10-20,0.2515091896057129
2019-10-21/2019-10-27,0.20019596815109253
2019-10-28/2019-11-03,0.17681896686553955
2019-11-04/2019-11-10,0.2010958194732666
2019-11-11/2019-11-17,0.257831871509552
2019-11-18/2019-11-24,0.21172255277633667
2019-11-25/2019-12-01,0.20137929916381836
2019-12-02/2019-12-08,0.22440332174301147
2019-12-09/2019-12-15,0.2538672685623169
2019-12-16/2019-12-22,0.21112245321273804
2019-12-23/2019-12-29,0.2717561721801758
2019-12-30/2020-01-05,0.331973671913147
2020-01-06/2020-01-12,0.13616949319839478
2020-01-13/2020-01-19,0.2339777946472168
2020-01-20/2020-01-26,0.2560107111930847
2020-01-27/2020-02-02,0.22643530368804932
2020-02-03/2020-02-09,0.2539852261543274
2020-02-10/2020-02-16,0.21667039394378662
2020-02-17/2020-02-23,0.33502209186553955
2020-02-24/2020-03-01,0.33264344930648804
2020-03-02/2020-03-08,0.2260493040084839
2020-03-09/2020-03-15,0.1829589605331421
2020-03-16/2020-03-22,0.15372055768966675
2020-03-23/2020-03-29,0.05371880531311035
2020-03-30/2020-04-05,0.06365513801574707
2020-04-06/2020-04-12,0.09295427799224854
2020-04-13/2020-04-19,0.12022805213928223
2020-04-20/2020-04-26,0.15291857719421387
2020-04-27/2020-05-03,0.10954296588897705
2020-05-04/2020-05-10,0.13225114345550537
2020-05-11/2020-05-17,0.09985220432281494
2020-05-18/2020-05-24,0.10223877429962158
2020-05-25/2020-05-31,0.11272811889648438
2020-06-01/2020-06-07,0.17050909996032715
2020-06-08/2020-06-14,0.14885127544403076
2020-06-15/2020-06-21,0.17826509475708008
2020-06-22/2020-06-28,0.17880845069885254
2020-06-29/2020-07-05,0.1544848084449768
2020-07-06/2020-07-12,0.13199162483215332
2020-07-13/2020-07-19,0.11465847492218018
2020-07-20/2020-07-26,0.12022912502288818
2020-07-27/2020-08-02,0.10809183120727539
2020-08-03/2020-08-09,0.14463269710540771
2020-08-10/2020-08-16,0.17097359895706177
2020-08-17/2020-08-23,0.1709822416305542
2020-08-24/2020-08-30,0.1610659956932068
2020-08-31/2020-09-06,0.1992330551147461
2020-09-07/2020-09-13,0.1457054615020752
2020-09-14/2020-09-20,0.12797605991363525
2020-09-21/2020-09-27,0.1506645679473877
2020-09-28/2020-10-04,0.17123985290527344
2020-10-05/2020-10-11,0.306946337223053
2020-10-12/2020-10-18,0.265500545501709
2020-10-19/2020-10-25,0.1659625768661499
2020-10-26/2020-11-01,0.17669707536697388
2020-11-02/2020-11-08,0.181854248046875
2020-11-09/2020-11-15,0.20010364055633545
2020-11-16/2020-11-22,0.23164403438568115
2020-11-23/2020-11-29,0.2652784585952759
2020-11-30/2020-12-06,0.23457390069961548
2020-12-07/2020-12-13,0.16045570373535156
2020-12-14/2020-12-20,0.19612669944763184
2020-12-21/2020-12-27,0.24729621410369873
2020-12-28/2021-01-03,0.24380797147750854
2021-01-04/2021-01-10,0.186659574508667
2021-01-11/2021-01-17,0.0927000641822815
2021-01-18/2021-01-24,0.08886361122131348
2021-01-25/2021-01-31,0.09888124465942383
2021-02-01/2021-02-07,0.1034700870513916
2021-02-08/2021-02-14,0.07877320051193237
2021-02-15/2021-02-21,0.09692704677581787
2021-02-22/2021-02-28,0.08190226554870605
2021-03-01/2021-03-07,0.07280421257019043
2021-03-08/2021-03-14,0.11616671085357666
2021-03-15/2021-03-21,0.147796630859375
2021-03-22/2021-03-28,0.23117351531982422
2021-03-29/2021-04-04,0.3019614815711975
2021-04-05/2021-04-11,0.2988605499267578
2021-04-12/2021-04-18,0.35283732414245605
2021-04-19/2021-04-25,0.3010106682777405
2021-04-26/2021-05-02,0.2717759609222412
2021-05-03/2021-05-09,0.2894876003265381
2021-05-10/2021-05-16,0.28619384765625
2021-05-17/2021-05-23,0.3500934839248657
2021-05-24/2021-05-30,0.3426360487937927
2021-05-31/2021-06-06,0.3152740001678467
2021-06-07/2021-06-13,0.3602713346481323
2021-06-14/2021-06-20,0.4119710922241211
2021-06-21/2021-06-27,0.3017977476119995
2021-06-28/2021-07-04,0.21375024318695068
2021-07-05/2021-07-11,0.21706300973892212
2021-07-12/2021-07-18,0.20734483003616333
2021-07-19/2021-07-25,0.1914604902267456
2021-07-26/2021-08-01,0.24600517749786377
2021-08-02/2021-08-08,0.22998589277267456
2021-08-09/2021-08-15,0.2369455099105835
2021-08-16/2021-08-22,0.24135124683380127
2021-08-23/2021-08-29,0.2293218970298767
2021-08-30/2021-09-05,0.24950861930847168
2021-09-06/2021-09-12,0.30794757604599
2021-09-13/2021-09-19,0.23723745346069336
2021-09-20/2021-09-26,0.21805500984191895
2021-09-27/2021-10-03,0.2102729082107544
2021-10-04/2021-10-10,0.23567306995391846
2021-10-11/2021-10-17,0.1959620714187622
2021-10-18/2021-10-24,0.2344038486480713
2021-10-25/2021-10-31,0.30092620849609375
2021-11-01/2021-11-07,0.34452152252197266
2021-11-08/2021-11-14,0.34253013134002686
2021-11-15/2021-11-21,0.3371928930282593
2021-11-22/2021-11-28,0.33402085304260254
2021-11-29/2021-12-05,0.33317017555236816
2021-12-06/2021-12-12,0.24117714166641235
2021-12-13/2021-12-19,0.24001479148864746
2021-12-20/2021-12-26,0.29019975662231445
2021-12-27/2022-01-02,0.20871102809906006
