topic_id,event_date,frequency,z_score,keywords,event_type
52,2021-11-26 00:00:00.000000,0.0282240555796786,6.24,,SUDDEN_SPIKE_FREQ
96,2020-11-23 12:00:00.000000,0.0103092783505154,6.22,,SUDDEN_SPIKE_FREQ
519,2019-07-27 00:00:00.000000,0.0098122866894197,6.21,,SUDDEN_SPIKE_FREQ
114,2019-12-23 00:00:00.000000,0.022457627118644,6.2,,SUDDEN_SPIKE_FREQ
227,2020-09-26 12:00:00.000000,0.0077272727272727,6.18,,SUDDEN_SPIKE_FREQ
555,2021-09-19 00:00:00.000000,0.0074235807860262,6.18,,SUDDEN_SPIKE_FREQ
191,2019-04-21 00:00:00.000000,0.0157964019306713,6.18,,SUDDEN_SPIKE_FREQ
546,2019-02-09 00:00:00.000000,0.0147518998658918,6.17,,SUDDEN_SPIKE_FREQ
617,2021-02-18 12:00:00.000000,0.0095114569822741,6.17,,SUDDEN_SPIKE_FREQ
205,2019-05-14 12:00:00.000000,0.0153576129881526,6.16,,SUDDEN_SPIKE_FREQ
224,2020-06-05 12:00:00.000000,0.0400170285227756,6.16,,SUDDEN_SPIKE_FREQ
139,2019-04-21 00:00:00.000000,0.0153576129881526,6.14,,SUDDEN_SPIKE_FREQ
323,2019-06-07 12:00:00.000000,0.0071639275179098,6.13,,SUDDEN_SPIKE_FREQ
65,2021-11-26 00:00:00.000000,0.0086843247937472,6.12,,SUDDEN_SPIKE_FREQ
245,2021-04-30 12:00:00.000000,0.0179274158285964,6.1,,SUDDEN_SPIKE_FREQ
49,2020-02-16 12:00:00.000000,0.0093624609897458,6.06,,SUDDEN_SPIKE_FREQ
119,2020-01-22 00:00:00.000000,0.0064655172413793,6.06,,SUDDEN_SPIKE_FREQ
460,2019-09-13 00:00:00.000000,0.007362494586401,6.05,,SUDDEN_SPIKE_FREQ
368,2021-03-11 12:00:00.000000,0.0070052539404553,6.05,,SUDDEN_SPIKE_FREQ
562,2021-09-19 00:00:00.000000,0.0096069868995633,6.05,,SUDDEN_SPIKE_FREQ
243,2020-11-23 12:00:00.000000,0.0150343642611683,5.99,,SUDDEN_SPIKE_FREQ
523,2019-06-07 12:00:00.000000,0.0063211125158027,5.99,,SUDDEN_SPIKE_FREQ
186,2020-02-16 12:00:00.000000,0.0053499777084262,5.96,,SUDDEN_SPIKE_FREQ
212,2019-06-07 12:00:00.000000,0.0063211125158027,5.95,,SUDDEN_SPIKE_FREQ
105,2020-07-12 12:00:00.000000,0.0058664259927797,5.95,,SUDDEN_SPIKE_FREQ
260,2020-06-05 12:00:00.000000,0.0285227756492124,5.94,,SUDDEN_SPIKE_FREQ
140,2019-08-20 00:00:00.000000,0.0053595355069227,5.92,,SUDDEN_SPIKE_FREQ
505,2021-03-11 12:00:00.000000,0.0122591943957968,5.91,,SUDDEN_SPIKE_FREQ
43,2020-10-16 00:00:00.000000,0.0089096308867204,5.9,,SUDDEN_SPIKE_FREQ
71,2019-10-08 00:00:00.000000,0.0050314465408805,5.9,,SUDDEN_SPIKE_FREQ
525,2019-03-28 00:00:00.000000,0.0327520204168439,5.89,,SUDDEN_SPIKE_FREQ
124,2020-11-23 12:00:00.000000,0.0042955326460481,5.88,,SUDDEN_SPIKE_FREQ
109,2021-04-30 12:00:00.000000,0.0144293834717971,5.88,,SUDDEN_SPIKE_FREQ
255,2019-10-08 00:00:00.000000,0.0083857442348008,5.87,,SUDDEN_SPIKE_FREQ
401,2019-02-09 00:00:00.000000,0.0093875726419311,5.86,,SUDDEN_SPIKE_FREQ
247,2021-01-06 00:00:00.000000,0.0231935771632471,5.84,,SUDDEN_SPIKE_FREQ
542,2019-03-28 00:00:00.000000,0.0255210548702679,5.83,,SUDDEN_SPIKE_FREQ
574,2020-03-11 12:00:00.000000,0.0077586206896551,5.78,,SUDDEN_SPIKE_FREQ
70,2019-03-28 00:00:00.000000,0.0063802637175669,5.77,,SUDDEN_SPIKE_FREQ
138,2020-06-24 00:00:00.000000,0.0046728971962616,5.76,,SUDDEN_SPIKE_FREQ
35,2020-09-26 12:00:00.000000,0.0068181818181818,5.74,,SUDDEN_SPIKE_FREQ
204,2019-02-09 00:00:00.000000,0.0044702726866338,5.73,,SUDDEN_SPIKE_FREQ
335,2020-04-05 00:00:00.000000,0.0087221979938944,5.73,,SUDDEN_SPIKE_FREQ
55,2019-05-14 12:00:00.000000,0.0122860903905221,5.72,,SUDDEN_SPIKE_FREQ
220,2019-05-14 12:00:00.000000,0.0057042562527424,5.7,,SUDDEN_SPIKE_FREQ
328,2021-07-13 00:00:00.000000,0.006959547629404,5.68,,SUDDEN_SPIKE_FREQ
231,2020-11-23 12:00:00.000000,0.0060137457044673,5.67,,SUDDEN_SPIKE_FREQ
467,2020-12-13 12:00:00.000000,0.0100877192982456,5.66,,SUDDEN_SPIKE_FREQ
277,2020-04-27 12:00:00.000000,0.00418410041841,5.66,,SUDDEN_SPIKE_FREQ
95,2019-07-27 00:00:00.000000,0.0063993174061433,5.63,,SUDDEN_SPIKE_FREQ
536,2020-04-05 00:00:00.000000,0.0047972088966419,5.61,,SUDDEN_SPIKE_FREQ
215,2021-02-18 12:00:00.000000,0.028966709900562,5.61,,SUDDEN_SPIKE_FREQ
125,2021-01-29 12:00:00.000000,0.0149063032367972,5.59,,SUDDEN_SPIKE_FREQ
193,2019-11-01 12:00:00.000000,0.0061403508771929,5.58,,SUDDEN_SPIKE_FREQ
587,2021-07-13 00:00:00.000000,0.0095693779904306,5.53,,SUDDEN_SPIKE_FREQ
240,2020-08-01 00:00:00.000000,0.012881064834693,5.51,,SUDDEN_SPIKE_FREQ
187,2019-01-14 23:59:59.999999,0.0067283431455004,5.49,,SUDDEN_SPIKE_FREQ
419,2021-04-30 12:00:00.000000,0.0083078268473983,5.49,,SUDDEN_SPIKE_FREQ
169,2021-01-29 12:00:00.000000,0.0051107325383304,5.49,,SUDDEN_SPIKE_FREQ
493,2019-01-14 23:59:59.999999,0.0096719932716568,5.48,,SUDDEN_SPIKE_FREQ
518,2020-02-16 12:00:00.000000,0.0044583147570218,5.47,,SUDDEN_SPIKE_FREQ
369,2020-06-24 00:00:00.000000,0.0067969413763806,5.47,,SUDDEN_SPIKE_FREQ
94,2019-07-27 00:00:00.000000,0.0063993174061433,5.45,,SUDDEN_SPIKE_FREQ
496,2020-03-11 12:00:00.000000,0.0094827586206896,5.43,,SUDDEN_SPIKE_FREQ
319,2020-08-19 12:00:00.000000,0.0133630289532293,5.43,,SUDDEN_SPIKE_FREQ
88,2020-01-22 00:00:00.000000,0.0060344827586206,5.4,,SUDDEN_SPIKE_FREQ
292,2020-12-13 12:00:00.000000,0.0039473684210526,5.38,,SUDDEN_SPIKE_FREQ
507,2019-04-21 00:00:00.000000,0.0039491004826678,5.38,,SUDDEN_SPIKE_FREQ
303,2021-09-19 00:00:00.000000,0.0148471615720524,5.37,,SUDDEN_SPIKE_FREQ
363,2021-02-18 12:00:00.000000,0.004755728491137,5.37,,SUDDEN_SPIKE_FREQ
74,2019-02-09 00:00:00.000000,0.0084935181046043,5.35,,SUDDEN_SPIKE_FREQ
203,2021-11-26 00:00:00.000000,0.0043421623968736,5.34,,SUDDEN_SPIKE_FREQ
564,2020-01-22 00:00:00.000000,0.0081896551724137,5.32,,SUDDEN_SPIKE_FREQ
79,2020-10-16 00:00:00.000000,0.0042426813746287,5.32,,SUDDEN_SPIKE_FREQ
38,2021-03-11 12:00:00.000000,0.0043782837127845,5.3,,SUDDEN_SPIKE_FREQ
262,2019-10-08 00:00:00.000000,0.0041928721174004,5.26,,SUDDEN_SPIKE_FREQ
226,2020-11-23 12:00:00.000000,0.0047250859106529,5.26,,SUDDEN_SPIKE_FREQ
336,2020-10-16 00:00:00.000000,0.0046669495120916,5.26,,SUDDEN_SPIKE_FREQ
195,2020-02-16 12:00:00.000000,0.0044583147570218,5.24,,SUDDEN_SPIKE_FREQ
242,2021-09-19 00:00:00.000000,0.0327510917030567,5.24,,SUDDEN_SPIKE_FREQ
552,2020-04-05 00:00:00.000000,0.0043610989969472,5.22,,SUDDEN_SPIKE_FREQ
161,2020-01-22 00:00:00.000000,0.0038793103448275,5.19,,SUDDEN_SPIKE_FREQ
149,2020-09-07 00:00:00.000000,0.0045852438516048,5.17,,SUDDEN_SPIKE_FREQ
160,2019-01-14 23:59:59.999999,0.0075693860386879,5.17,,SUDDEN_SPIKE_FREQ
403,2020-03-11 12:00:00.000000,0.0047413793103448,5.16,,SUDDEN_SPIKE_FREQ
46,2019-06-07 12:00:00.000000,0.0037926675094816,5.16,,SUDDEN_SPIKE_FREQ
269,2020-11-04 12:00:00.000000,0.0404823428079242,5.15,,SUDDEN_SPIKE_FREQ
417,2019-12-23 00:00:00.000000,0.0042372881355932,5.14,,SUDDEN_SPIKE_FREQ
583,2019-03-04 00:00:00.000000,0.008536064874093,5.14,,SUDDEN_SPIKE_FREQ
107,2019-11-25 00:00:00.000000,0.0062416406598305,5.13,,SUDDEN_SPIKE_FREQ
457,2020-04-27 12:00:00.000000,0.0209205020920502,5.13,,SUDDEN_SPIKE_FREQ
77,2021-11-26 00:00:00.000000,0.0060790273556231,5.11,,SUDDEN_SPIKE_FREQ
527,2020-09-26 12:00:00.000000,0.0063636363636363,5.1,,SUDDEN_SPIKE_FREQ
325,2020-04-27 12:00:00.000000,0.0129707112970711,5.1,,SUDDEN_SPIKE_FREQ
463,2021-07-13 00:00:00.000000,0.0400173988690735,5.1,,SUDDEN_SPIKE_FREQ
490,2020-05-17 12:00:00.000000,0.008440693025322,5.1,,SUDDEN_SPIKE_FREQ
78,2021-02-18 12:00:00.000000,0.0138348465196714,5.1,,SUDDEN_SPIKE_FREQ
423,2019-03-04 00:00:00.000000,0.019632949210414,5.1,,SUDDEN_SPIKE_FREQ
206,2020-05-17 12:00:00.000000,0.0035539760106619,5.08,,SUDDEN_SPIKE_FREQ
340,2020-05-17 12:00:00.000000,0.0031097290093291,5.07,,SUDDEN_SPIKE_FREQ
188,2019-04-21 00:00:00.000000,0.0039491004826678,5.06,,SUDDEN_SPIKE_FREQ
267,2020-04-05 00:00:00.000000,0.0143916266899258,5.05,,SUDDEN_SPIKE_FREQ
258,2019-06-07 12:00:00.000000,0.0105351875263379,5.03,,SUDDEN_SPIKE_FREQ
37,2019-03-28 00:00:00.000000,0.0042535091450446,5.02,,SUDDEN_SPIKE_FREQ
273,2021-07-13 00:00:00.000000,0.0160939538929969,5.02,,SUDDEN_SPIKE_FREQ
286,2020-05-17 12:00:00.000000,0.0039982230119946,5.01,,SUDDEN_SPIKE_FREQ
342,2020-12-13 12:00:00.000000,0.0030701754385964,5.0,,SUDDEN_SPIKE_FREQ
115,2021-09-19 00:00:00.000000,0.0048034934497816,4.99,,SUDDEN_SPIKE_FREQ
558,2020-08-01 00:00:00.000000,0.0051524259338772,4.99,,SUDDEN_SPIKE_FREQ
123,2020-01-22 00:00:00.000000,0.0047413793103448,4.98,,SUDDEN_SPIKE_FREQ
504,2019-03-28 00:00:00.000000,0.0038281582305401,4.98,,SUDDEN_SPIKE_FREQ
601,2020-09-26 12:00:00.000000,0.0122727272727272,4.98,,SUDDEN_SPIKE_FREQ
385,2019-11-25 00:00:00.000000,0.0040124832813196,4.97,,SUDDEN_SPIKE_FREQ
497,2020-02-16 12:00:00.000000,0.0040124832813196,4.95,,SUDDEN_SPIKE_FREQ
223,2020-01-22 00:00:00.000000,0.0030172413793103,4.95,,SUDDEN_SPIKE_FREQ
350,2020-04-27 12:00:00.000000,0.002092050209205,4.95,,SUDDEN_SPIKE_FREQ
314,2019-07-02 12:00:00.000000,0.0026917900403768,4.95,,SUDDEN_SPIKE_FREQ
142,2019-12-23 00:00:00.000000,0.0042372881355932,4.94,,SUDDEN_SPIKE_FREQ
341,2021-07-13 00:00:00.000000,0.003479773814702,4.93,,SUDDEN_SPIKE_FREQ
444,2019-05-14 12:00:00.000000,0.0430013163668275,4.92,,SUDDEN_SPIKE_FREQ
85,2021-02-18 12:00:00.000000,0.0034587116299178,4.91,,SUDDEN_SPIKE_FREQ
429,2021-09-19 00:00:00.000000,0.0144104803493449,4.91,,SUDDEN_SPIKE_FREQ
310,2021-02-18 12:00:00.000000,0.0060527453523562,4.9,,SUDDEN_SPIKE_FREQ
373,2019-11-25 00:00:00.000000,0.0084707980383415,4.9,,SUDDEN_SPIKE_FREQ
32,2021-07-13 00:00:00.000000,0.0139190952588081,4.89,,SUDDEN_SPIKE_FREQ
541,2020-12-13 12:00:00.000000,0.0052631578947368,4.88,,SUDDEN_SPIKE_FREQ
353,2021-01-06 00:00:00.000000,0.0057983942908117,4.88,,SUDDEN_SPIKE_FREQ
159,2020-11-04 12:00:00.000000,0.0030146425495262,4.88,,SUDDEN_SPIKE_FREQ
266,2019-01-14 23:59:59.999999,0.0050462573591253,4.88,,SUDDEN_SPIKE_FREQ
577,2020-11-04 12:00:00.000000,0.0047372954349698,4.87,,SUDDEN_SPIKE_FREQ
570,2020-07-12 12:00:00.000000,0.009927797833935,4.87,,SUDDEN_SPIKE_FREQ
265,2019-03-28 00:00:00.000000,0.0072309655465759,4.87,,SUDDEN_SPIKE_FREQ
343,2019-10-08 00:00:00.000000,0.0050314465408805,4.85,,SUDDEN_SPIKE_FREQ
404,2019-03-28 00:00:00.000000,0.0029774564015312,4.84,,SUDDEN_SPIKE_FREQ
586,2020-03-11 12:00:00.000000,0.0047413793103448,4.83,,SUDDEN_SPIKE_FREQ
391,2019-05-14 12:00:00.000000,0.0065818341377797,4.83,,SUDDEN_SPIKE_FREQ
199,2019-05-14 12:00:00.000000,0.0096533567354102,4.82,,SUDDEN_SPIKE_FREQ
498,2019-05-14 12:00:00.000000,0.0052654673102237,4.81,,SUDDEN_SPIKE_FREQ
296,2020-02-16 12:00:00.000000,0.0053499777084262,4.81,,SUDDEN_SPIKE_FREQ
627,2020-11-23 12:00:00.000000,0.0038659793814432,4.81,,SUDDEN_SPIKE_FREQ
356,2020-11-04 12:00:00.000000,0.0030146425495262,4.81,,SUDDEN_SPIKE_FREQ
544,2019-02-09 00:00:00.000000,0.0062583817612874,4.79,,SUDDEN_SPIKE_FREQ
494,2020-03-11 12:00:00.000000,0.0068965517241379,4.78,,SUDDEN_SPIKE_FREQ
306,2021-07-13 00:00:00.000000,0.0086994345367551,4.78,,SUDDEN_SPIKE_FREQ
217,2019-09-13 00:00:00.000000,0.0030316154179298,4.77,,SUDDEN_SPIKE_FREQ
120,2020-10-16 00:00:00.000000,0.0042426813746287,4.77,,SUDDEN_SPIKE_FREQ
156,2020-06-05 12:00:00.000000,0.0042571306939123,4.77,,SUDDEN_SPIKE_FREQ
375,2020-12-13 12:00:00.000000,0.0030701754385964,4.76,,SUDDEN_SPIKE_FREQ
173,2020-03-11 12:00:00.000000,0.0025862068965517,4.76,,SUDDEN_SPIKE_FREQ
154,2020-12-13 12:00:00.000000,0.0057017543859649,4.75,,SUDDEN_SPIKE_FREQ
380,2020-06-24 00:00:00.000000,0.0029736618521665,4.68,,SUDDEN_SPIKE_FREQ
631,2019-07-27 00:00:00.000000,0.0025597269624573,4.67,,SUDDEN_SPIKE_FREQ
615,2021-02-18 12:00:00.000000,0.004755728491137,4.64,,SUDDEN_SPIKE_FREQ
252,2019-10-08 00:00:00.000000,0.0037735849056603,4.63,,SUDDEN_SPIKE_FREQ
237,2019-03-04 00:00:00.000000,0.0051216389244558,4.62,,SUDDEN_SPIKE_FREQ
399,2021-11-26 00:00:00.000000,0.0026052974381241,4.62,,SUDDEN_SPIKE_FREQ
572,2020-05-17 12:00:00.000000,0.0031097290093291,4.62,,SUDDEN_SPIKE_FREQ
290,2020-01-22 00:00:00.000000,0.0043103448275862,4.61,,SUDDEN_SPIKE_FREQ
376,2020-05-17 12:00:00.000000,0.0039982230119946,4.6,,SUDDEN_SPIKE_FREQ
593,2020-04-05 00:00:00.000000,0.003052769297863,4.6,,SUDDEN_SPIKE_FREQ
108,2021-03-11 12:00:00.000000,0.015323992994746,4.6,,SUDDEN_SPIKE_FREQ
592,2019-01-14 23:59:59.999999,0.0138772077375946,4.59,,SUDDEN_SPIKE_FREQ
44,2021-09-19 00:00:00.000000,0.0131004366812227,4.59,,SUDDEN_SPIKE_FREQ
241,2020-11-23 12:00:00.000000,0.0030068728522336,4.56,,SUDDEN_SPIKE_FREQ
352,2020-04-27 12:00:00.000000,0.003347280334728,4.56,,SUDDEN_SPIKE_FREQ
466,2019-03-04 00:00:00.000000,0.0025608194622279,4.54,,SUDDEN_SPIKE_FREQ
233,2019-02-09 00:00:00.000000,0.0093875726419311,4.54,,SUDDEN_SPIKE_FREQ
147,2019-09-13 00:00:00.000000,0.0025985275010827,4.53,,SUDDEN_SPIKE_FREQ
30,2020-01-22 00:00:00.000000,0.0064655172413793,4.52,,SUDDEN_SPIKE_FREQ
54,2019-12-23 00:00:00.000000,0.0033898305084745,4.52,,SUDDEN_SPIKE_FREQ
602,2021-07-13 00:00:00.000000,0.003479773814702,4.52,,SUDDEN_SPIKE_FREQ
361,2019-07-27 00:00:00.000000,0.0051194539249146,4.5,,SUDDEN_SPIKE_FREQ
422,2020-07-12 12:00:00.000000,0.0049638989169675,4.5,,SUDDEN_SPIKE_FREQ
301,2021-11-26 00:00:00.000000,0.0030395136778115,4.5,,SUDDEN_SPIKE_FREQ
556,2021-07-13 00:00:00.000000,0.0117442366246194,4.5,,SUDDEN_SPIKE_FREQ
152,2019-12-23 00:00:00.000000,0.0110169491525423,4.49,,SUDDEN_SPIKE_FREQ
452,2019-07-02 12:00:00.000000,0.0040376850605652,4.48,,SUDDEN_SPIKE_FREQ
534,2019-09-13 00:00:00.000000,0.0034647033347769,4.48,,SUDDEN_SPIKE_FREQ
549,2019-11-01 12:00:00.000000,0.0122807017543859,4.48,,SUDDEN_SPIKE_FREQ
510,2020-06-05 12:00:00.000000,0.0063856960408684,4.47,,SUDDEN_SPIKE_FREQ
172,2019-04-21 00:00:00.000000,0.0048266783677051,4.47,,SUDDEN_SPIKE_FREQ
613,2020-09-26 12:00:00.000000,0.0031818181818181,4.47,,SUDDEN_SPIKE_FREQ
73,2019-04-21 00:00:00.000000,0.0078982009653356,4.45,,SUDDEN_SPIKE_FREQ
33,2021-04-30 12:00:00.000000,0.0065588106689986,4.44,,SUDDEN_SPIKE_FREQ
236,2021-04-30 12:00:00.000000,0.0043725404459991,4.44,,SUDDEN_SPIKE_FREQ
197,2020-04-27 12:00:00.000000,0.003765690376569,4.43,,SUDDEN_SPIKE_FREQ
51,2021-03-11 12:00:00.000000,0.004816112084063,4.42,,SUDDEN_SPIKE_FREQ
388,2019-12-23 00:00:00.000000,0.0097457627118644,4.41,,SUDDEN_SPIKE_FREQ
253,2019-10-08 00:00:00.000000,0.0129979035639413,4.4,,SUDDEN_SPIKE_FREQ
398,2020-09-26 12:00:00.000000,0.0045454545454545,4.38,,SUDDEN_SPIKE_FREQ
166,2019-06-07 12:00:00.000000,0.0029498525073746,4.38,,SUDDEN_SPIKE_FREQ
134,2019-02-09 00:00:00.000000,0.0035762181493071,4.38,,SUDDEN_SPIKE_FREQ
569,2021-01-29 12:00:00.000000,0.0029812606473594,4.37,,SUDDEN_SPIKE_FREQ
624,2020-04-27 12:00:00.000000,0.001673640167364,4.37,,SUDDEN_SPIKE_FREQ
194,2021-09-19 00:00:00.000000,0.0034934497816593,4.36,,SUDDEN_SPIKE_FREQ
554,2021-07-13 00:00:00.000000,0.005219660722053,4.36,,SUDDEN_SPIKE_FREQ
532,2020-04-05 00:00:00.000000,0.0034888791975577,4.35,,SUDDEN_SPIKE_FREQ
367,2021-04-30 12:00:00.000000,0.0017490161783996,4.35,,SUDDEN_SPIKE_FREQ
232,2019-04-21 00:00:00.000000,0.0026327336551118,4.34,,SUDDEN_SPIKE_FREQ
567,2020-09-07 00:00:00.000000,0.0083368070029178,4.33,,SUDDEN_SPIKE_FREQ
287,2019-03-04 00:00:00.000000,0.0034144259496372,4.32,,SUDDEN_SPIKE_FREQ
280,2019-06-07 12:00:00.000000,0.0037926675094816,4.32,,SUDDEN_SPIKE_FREQ
626,2020-11-04 12:00:00.000000,0.0043066322136089,4.32,,SUDDEN_SPIKE_FREQ
309,2021-07-13 00:00:00.000000,0.0056546324488908,4.32,,SUDDEN_SPIKE_FREQ
626,2020-11-23 12:00:00.000000,0.0042955326460481,4.31,,SUDDEN_SPIKE_FREQ
250,2019-12-23 00:00:00.000000,0.0101694915254237,4.31,,SUDDEN_SPIKE_FREQ
528,2020-02-16 12:00:00.000000,0.0080249665626393,4.31,,SUDDEN_SPIKE_FREQ
189,2020-08-19 12:00:00.000000,0.0071269487750556,4.3,,SUDDEN_SPIKE_FREQ
547,2021-03-11 12:00:00.000000,0.0026269702276707,4.3,,SUDDEN_SPIKE_FREQ
611,2019-06-07 12:00:00.000000,0.0021070375052675,4.3,,SUDDEN_SPIKE_FREQ
421,2020-11-04 12:00:00.000000,0.0047372954349698,4.3,,SUDDEN_SPIKE_FREQ
560,2019-12-23 00:00:00.000000,0.0127118644067796,4.3,,SUDDEN_SPIKE_FREQ
34,2019-08-20 00:00:00.000000,0.0044662795891022,4.3,,SUDDEN_SPIKE_FREQ
538,2020-04-05 00:00:00.000000,0.0095944177932839,4.29,,SUDDEN_SPIKE_FREQ
394,2019-02-09 00:00:00.000000,0.0026821636119803,4.28,,SUDDEN_SPIKE_FREQ
501,2020-05-17 12:00:00.000000,0.0026654820079964,4.28,,SUDDEN_SPIKE_FREQ
162,2019-12-23 00:00:00.000000,0.0826271186440678,4.27,,SUDDEN_SPIKE_FREQ
607,2019-01-14 23:59:59.999999,0.0025231286795626,4.27,,SUDDEN_SPIKE_FREQ
230,2021-11-26 00:00:00.000000,0.0026052974381241,4.27,,SUDDEN_SPIKE_FREQ
334,2020-05-17 12:00:00.000000,0.0053309640159928,4.25,,SUDDEN_SPIKE_FREQ
469,2020-04-05 00:00:00.000000,0.0026166593981683,4.25,,SUDDEN_SPIKE_FREQ
81,2021-01-06 00:00:00.000000,0.0026761819803746,4.24,,SUDDEN_SPIKE_FREQ
437,2020-11-04 12:00:00.000000,0.003875968992248,4.23,,SUDDEN_SPIKE_FREQ
395,2021-04-30 12:00:00.000000,0.0065588106689986,4.22,,SUDDEN_SPIKE_FREQ
559,2020-01-22 00:00:00.000000,0.0030172413793103,4.22,,SUDDEN_SPIKE_FREQ
415,2019-10-08 00:00:00.000000,0.0029350104821802,4.21,,SUDDEN_SPIKE_FREQ
268,2020-11-04 12:00:00.000000,0.016365202411714,4.21,,SUDDEN_SPIKE_FREQ
272,2021-07-13 00:00:00.000000,0.0043497172683775,4.2,,SUDDEN_SPIKE_FREQ
634,2019-01-14 23:59:59.999999,0.0084104289318755,4.2,,SUDDEN_SPIKE_FREQ
201,2021-01-29 12:00:00.000000,0.0080919931856899,4.2,,SUDDEN_SPIKE_FREQ
568,2021-01-29 12:00:00.000000,0.0025553662691652,4.19,,SUDDEN_SPIKE_FREQ
565,2020-11-04 12:00:00.000000,0.0090439276485788,4.19,,SUDDEN_SPIKE_FREQ
176,2020-08-19 12:00:00.000000,0.0075723830734966,4.18,,SUDDEN_SPIKE_FREQ
366,2019-03-04 00:00:00.000000,0.0025608194622279,4.17,,SUDDEN_SPIKE_FREQ
184,2020-08-19 12:00:00.000000,0.0022271714922048,4.17,,SUDDEN_SPIKE_FREQ
315,2021-07-13 00:00:00.000000,0.0187037842540234,4.17,,SUDDEN_SPIKE_FREQ
101,2021-03-11 12:00:00.000000,0.0026269702276707,4.17,,SUDDEN_SPIKE_FREQ
104,2019-08-20 00:00:00.000000,0.0080393032603841,4.16,,SUDDEN_SPIKE_FREQ
539,2021-03-11 12:00:00.000000,0.0030647985989492,4.16,,SUDDEN_SPIKE_FREQ
100,2020-01-22 00:00:00.000000,0.0120689655172413,4.16,,SUDDEN_SPIKE_FREQ
413,2021-02-18 12:00:00.000000,0.0073497622135754,4.15,,SUDDEN_SPIKE_FREQ
141,2019-07-27 00:00:00.000000,0.0025597269624573,4.15,,SUDDEN_SPIKE_FREQ
285,2020-04-27 12:00:00.000000,0.002092050209205,4.15,,SUDDEN_SPIKE_FREQ
253,2019-11-01 12:00:00.000000,0.0122807017543859,4.14,,SUDDEN_SPIKE_FREQ
405,2020-06-24 00:00:00.000000,0.0050977060322854,4.14,,SUDDEN_SPIKE_FREQ
259,2020-11-04 12:00:00.000000,0.0051679586563307,4.14,,SUDDEN_SPIKE_FREQ
56,2020-04-05 00:00:00.000000,0.0061055385957261,4.14,,SUDDEN_SPIKE_FREQ
354,2021-09-19 00:00:00.000000,0.0048034934497816,4.13,,SUDDEN_SPIKE_FREQ
557,2020-05-17 12:00:00.000000,0.0057752110173256,4.13,,SUDDEN_SPIKE_FREQ
621,2021-03-11 12:00:00.000000,0.0043782837127845,4.11,,SUDDEN_SPIKE_FREQ
132,2019-01-14 23:59:59.999999,0.0037846930193439,4.11,,SUDDEN_SPIKE_FREQ
192,2019-10-08 00:00:00.000000,0.0050314465408805,4.1,,SUDDEN_SPIKE_FREQ
183,2019-06-07 12:00:00.000000,0.0084281500210703,4.1,,SUDDEN_SPIKE_FREQ
531,2020-08-01 00:00:00.000000,0.0103048518677544,4.1,,SUDDEN_SPIKE_FREQ
135,2020-11-04 12:00:00.000000,0.0051679586563307,4.1,,SUDDEN_SPIKE_FREQ
495,2020-04-05 00:00:00.000000,0.0095944177932839,4.1,,SUDDEN_SPIKE_FREQ
112,2019-07-27 00:00:00.000000,0.0029863481228668,4.09,,SUDDEN_SPIKE_FREQ
563,2020-02-16 12:00:00.000000,0.016941596076683,4.09,,SUDDEN_SPIKE_FREQ
30,2019-01-14 23:59:59.999999,0.0058873002523128,4.09,,SUDDEN_SPIKE_FREQ
609,2019-11-25 00:00:00.000000,0.0053499777084262,4.09,,SUDDEN_SPIKE_FREQ
407,2021-04-30 12:00:00.000000,0.0039352864013992,4.07,,SUDDEN_SPIKE_FREQ
472,2020-04-05 00:00:00.000000,0.003052769297863,4.06,,SUDDEN_SPIKE_FREQ
442,2019-01-14 23:59:59.999999,0.0016820857863751,4.05,,SUDDEN_SPIKE_FREQ
502,2020-09-26 12:00:00.000000,0.0118181818181818,4.05,,SUDDEN_SPIKE_FREQ
358,2021-02-18 12:00:00.000000,0.0034587116299178,4.04,,SUDDEN_SPIKE_FREQ
378,2021-03-11 12:00:00.000000,0.0039404553415061,4.04,,SUDDEN_SPIKE_FREQ
297,2020-08-19 12:00:00.000000,0.0044543429844097,4.04,,SUDDEN_SPIKE_FREQ
182,2019-10-08 00:00:00.000000,0.0083857442348008,4.04,,SUDDEN_SPIKE_FREQ
228,2020-10-16 00:00:00.000000,0.0029698769622401,4.03,,SUDDEN_SPIKE_FREQ
157,2020-08-19 12:00:00.000000,0.0035634743875278,4.03,,SUDDEN_SPIKE_FREQ
327,2021-03-11 12:00:00.000000,0.0026269702276707,4.01,,SUDDEN_SPIKE_FREQ
331,2021-04-30 12:00:00.000000,0.0039352864013992,4.01,,SUDDEN_SPIKE_FREQ
585,2020-03-11 12:00:00.000000,0.0168103448275862,4.01,,SUDDEN_SPIKE_FREQ
84,2021-02-18 12:00:00.000000,0.0051880674448767,4.0,,SUDDEN_SPIKE_FREQ
612,2019-03-04 00:00:00.000000,0.0081092616303883,3.99,,SUDDEN_SPIKE_FREQ
435,2021-02-18 12:00:00.000000,0.004755728491137,3.99,,SUDDEN_SPIKE_FREQ
110,2019-05-14 12:00:00.000000,0.0026327336551118,3.98,,SUDDEN_SPIKE_FREQ
537,2020-07-12 12:00:00.000000,0.006768953068592,3.97,,SUDDEN_SPIKE_FREQ
165,2020-03-11 12:00:00.000000,0.0025862068965517,3.97,,SUDDEN_SPIKE_FREQ
381,2019-07-27 00:00:00.000000,0.0034129692832764,3.97,,SUDDEN_SPIKE_FREQ
151,2019-12-23 00:00:00.000000,0.0046610169491525,3.96,,SUDDEN_SPIKE_FREQ
234,2021-07-13 00:00:00.000000,0.006959547629404,3.96,,SUDDEN_SPIKE_FREQ
89,2019-07-02 12:00:00.000000,0.0125616868550919,3.96,,SUDDEN_SPIKE_FREQ
421,2019-05-14 12:00:00.000000,0.0043878894251864,3.96,,SUDDEN_SPIKE_FREQ
339,2020-08-01 00:00:00.000000,0.0021468441391155,3.96,,SUDDEN_SPIKE_FREQ
80,2019-04-21 00:00:00.000000,0.0030715225976305,3.96,,SUDDEN_SPIKE_FREQ
451,2019-03-28 00:00:00.000000,0.0068056146320714,3.95,,SUDDEN_SPIKE_FREQ
41,2020-11-23 12:00:00.000000,0.0025773195876288,3.95,,SUDDEN_SPIKE_FREQ
582,2019-05-14 12:00:00.000000,0.0039491004826678,3.94,,SUDDEN_SPIKE_FREQ
571,2020-11-23 12:00:00.000000,0.0030068728522336,3.94,,SUDDEN_SPIKE_FREQ
610,2019-01-14 23:59:59.999999,0.0025231286795626,3.94,,SUDDEN_SPIKE_FREQ
76,2019-03-04 00:00:00.000000,0.0132309005548442,3.94,,SUDDEN_SPIKE_FREQ
116,2020-03-11 12:00:00.000000,0.0047413793103448,3.93,,SUDDEN_SPIKE_FREQ
90,2019-07-27 00:00:00.000000,0.0098122866894197,3.91,,SUDDEN_SPIKE_FREQ
127,2021-07-13 00:00:00.000000,0.0117442366246194,3.91,,SUDDEN_SPIKE_FREQ
259,2020-08-19 12:00:00.000000,0.0048997772828507,3.9,,SUDDEN_SPIKE_FREQ
180,2021-02-18 12:00:00.000000,0.0021616947686986,3.9,,SUDDEN_SPIKE_FREQ
477,2021-09-19 00:00:00.000000,0.0122270742358078,3.9,,SUDDEN_SPIKE_FREQ
154,2020-11-23 12:00:00.000000,0.0047250859106529,3.89,,SUDDEN_SPIKE_FREQ
185,2020-09-26 12:00:00.000000,0.0018181818181818,3.89,,SUDDEN_SPIKE_FREQ
370,2020-04-27 12:00:00.000000,0.0108786610878661,3.88,,SUDDEN_SPIKE_FREQ
520,2019-08-20 00:00:00.000000,0.004019651630192,3.87,,SUDDEN_SPIKE_FREQ
443,2019-11-01 12:00:00.000000,0.0026315789473684,3.87,,SUDDEN_SPIKE_FREQ
509,2019-10-08 00:00:00.000000,0.0029350104821802,3.87,,SUDDEN_SPIKE_FREQ
86,2019-05-14 12:00:00.000000,0.007459412022817,3.86,,SUDDEN_SPIKE_FREQ
579,2020-01-22 00:00:00.000000,0.0150862068965517,3.86,,SUDDEN_SPIKE_FREQ
409,2019-06-07 12:00:00.000000,0.0042140750105351,3.85,,SUDDEN_SPIKE_FREQ
192,2020-11-04 12:00:00.000000,0.0047372954349698,3.83,,SUDDEN_SPIKE_FREQ
72,2021-01-29 12:00:00.000000,0.0025553662691652,3.83,,SUDDEN_SPIKE_FREQ
440,2020-04-05 00:00:00.000000,0.0091583078935891,3.82,,SUDDEN_SPIKE_FREQ
354,2019-07-02 12:00:00.000000,0.0044863167339614,3.82,,SUDDEN_SPIKE_FREQ
312,2021-07-13 00:00:00.000000,0.0143540669856459,3.82,,SUDDEN_SPIKE_FREQ
153,2020-06-05 12:00:00.000000,0.0017028522775649,3.81,,SUDDEN_SPIKE_FREQ
42,2019-11-25 00:00:00.000000,0.0022291573785109,3.81,,SUDDEN_SPIKE_FREQ
391,2019-04-21 00:00:00.000000,0.0052654673102237,3.81,,SUDDEN_SPIKE_FREQ
87,2020-11-04 12:00:00.000000,0.0025839793281653,3.8,,SUDDEN_SPIKE_FREQ
478,2021-03-11 12:00:00.000000,0.0043782837127845,3.8,,SUDDEN_SPIKE_FREQ
521,2019-11-25 00:00:00.000000,0.0035666518056174,3.8,,SUDDEN_SPIKE_FREQ
422,2020-06-24 00:00:00.000000,0.0042480883602378,3.8,,SUDDEN_SPIKE_FREQ
533,2020-12-13 12:00:00.000000,0.0030701754385964,3.8,,SUDDEN_SPIKE_FREQ
287,2019-09-13 00:00:00.000000,0.0030316154179298,3.79,,SUDDEN_SPIKE_FREQ
92,2020-02-16 12:00:00.000000,0.0026749888542131,3.79,,SUDDEN_SPIKE_FREQ
166,2020-03-11 12:00:00.000000,0.0025862068965517,3.79,,SUDDEN_SPIKE_FREQ
615,2021-03-11 12:00:00.000000,0.0039404553415061,3.78,,SUDDEN_SPIKE_FREQ
623,2019-11-25 00:00:00.000000,0.0022291573785109,3.77,,SUDDEN_SPIKE_FREQ
151,2019-11-25 00:00:00.000000,0.0044583147570218,3.77,,SUDDEN_SPIKE_FREQ
591,2019-01-14 23:59:59.999999,0.0025231286795626,3.77,,SUDDEN_SPIKE_FREQ
405,2020-06-05 12:00:00.000000,0.0046828437633035,3.76,,SUDDEN_SPIKE_FREQ
170,2021-03-11 12:00:00.000000,0.0113835376532399,3.75,,SUDDEN_SPIKE_FREQ
157,2020-09-07 00:00:00.000000,0.0033347228011671,3.75,,SUDDEN_SPIKE_FREQ
98,2019-01-14 23:59:59.999999,0.0025231286795626,3.75,,SUDDEN_SPIKE_FREQ
411,2019-06-07 12:00:00.000000,0.0021070375052675,3.74,,SUDDEN_SPIKE_FREQ
87,2020-10-16 00:00:00.000000,0.0025456088247772,3.74,,SUDDEN_SPIKE_FREQ
392,2019-02-09 00:00:00.000000,0.0017881090746535,3.73,,SUDDEN_SPIKE_FREQ
305,2021-03-11 12:00:00.000000,0.004816112084063,3.73,,SUDDEN_SPIKE_FREQ
521,2019-11-01 12:00:00.000000,0.0035087719298245,3.73,,SUDDEN_SPIKE_FREQ
485,2019-05-14 12:00:00.000000,0.0021939447125932,3.71,,SUDDEN_SPIKE_FREQ
98,2020-09-07 00:00:00.000000,0.0025010421008753,3.71,,SUDDEN_SPIKE_FREQ
329,2021-03-11 12:00:00.000000,0.0021891418563922,3.71,,SUDDEN_SPIKE_FREQ
67,2019-09-13 00:00:00.000000,0.003897791251624,3.7,,SUDDEN_SPIKE_FREQ
145,2019-04-21 00:00:00.000000,0.0017551557700745,3.7,,SUDDEN_SPIKE_FREQ
170,2021-02-18 12:00:00.000000,0.011240812797233,3.7,,SUDDEN_SPIKE_FREQ
480,2021-11-26 00:00:00.000000,0.0039079461571862,3.69,,SUDDEN_SPIKE_FREQ
299,2019-11-01 12:00:00.000000,0.0021929824561403,3.69,,SUDDEN_SPIKE_FREQ
360,2019-11-25 00:00:00.000000,0.0026749888542131,3.69,,SUDDEN_SPIKE_FREQ
177,2020-01-22 00:00:00.000000,0.0017241379310344,3.68,,SUDDEN_SPIKE_FREQ
449,2020-07-12 12:00:00.000000,0.0153429602888086,3.68,,SUDDEN_SPIKE_FREQ
531,2020-08-19 12:00:00.000000,0.0093541202672605,3.68,,SUDDEN_SPIKE_FREQ
102,2020-09-26 12:00:00.000000,0.0022727272727272,3.67,,SUDDEN_SPIKE_FREQ
228,2020-09-26 12:00:00.000000,0.0027272727272727,3.67,,SUDDEN_SPIKE_FREQ
150,2019-05-14 12:00:00.000000,0.0250109697235629,3.67,,SUDDEN_SPIKE_FREQ
57,2019-09-13 00:00:00.000000,0.0121264616717193,3.66,,SUDDEN_SPIKE_FREQ
437,2020-10-16 00:00:00.000000,0.003394145099703,3.66,,SUDDEN_SPIKE_FREQ
333,2020-10-16 00:00:00.000000,0.0097581671616461,3.66,,SUDDEN_SPIKE_FREQ
351,2019-04-21 00:00:00.000000,0.0026327336551118,3.65,,SUDDEN_SPIKE_FREQ
580,2020-04-27 12:00:00.000000,0.003347280334728,3.65,,SUDDEN_SPIKE_FREQ
75,2020-08-01 00:00:00.000000,0.0167453842851009,3.65,,SUDDEN_SPIKE_FREQ
261,2021-09-19 00:00:00.000000,0.0104803493449781,3.65,,SUDDEN_SPIKE_FREQ
330,2021-09-19 00:00:00.000000,0.0048034934497816,3.64,,SUDDEN_SPIKE_FREQ
410,2020-11-23 12:00:00.000000,0.0025773195876288,3.62,,SUDDEN_SPIKE_FREQ
278,2019-07-02 12:00:00.000000,0.0022431583669807,3.62,,SUDDEN_SPIKE_FREQ
511,2019-10-08 00:00:00.000000,0.0041928721174004,3.62,,SUDDEN_SPIKE_FREQ
503,2020-12-13 12:00:00.000000,0.0021929824561403,3.61,,SUDDEN_SPIKE_FREQ
289,2020-08-01 00:00:00.000000,0.0017174753112924,3.61,,SUDDEN_SPIKE_FREQ
372,2020-10-16 00:00:00.000000,0.0021213406873143,3.61,,SUDDEN_SPIKE_FREQ
171,2019-10-08 00:00:00.000000,0.0054507337526205,3.61,,SUDDEN_SPIKE_FREQ
111,2021-01-29 12:00:00.000000,0.0038330494037478,3.61,,SUDDEN_SPIKE_FREQ
93,2020-01-22 00:00:00.000000,0.0038793103448275,3.61,,SUDDEN_SPIKE_FREQ
322,2021-11-26 00:00:00.000000,0.0021710811984368,3.61,,SUDDEN_SPIKE_FREQ
575,2020-09-07 00:00:00.000000,0.0045852438516048,3.6,,SUDDEN_SPIKE_FREQ
175,2019-07-02 12:00:00.000000,0.0044863167339614,3.6,,SUDDEN_SPIKE_FREQ
447,2021-11-26 00:00:00.000000,0.0026052974381241,3.6,,SUDDEN_SPIKE_FREQ
172,2019-05-14 12:00:00.000000,0.0039491004826678,3.6,,SUDDEN_SPIKE_FREQ
218,2019-01-14 23:59:59.999999,0.0037846930193439,3.6,,SUDDEN_SPIKE_FREQ
22,2020-11-23 12:00:00.000000,0.0055841924398625,3.6,,SUDDEN_SPIKE_FREQ
181,2019-07-02 12:00:00.000000,0.0017945266935845,3.59,,SUDDEN_SPIKE_FREQ
152,2020-01-22 00:00:00.000000,0.009051724137931,3.59,,SUDDEN_SPIKE_FREQ
381,2019-02-09 00:00:00.000000,0.0031291908806437,3.59,,SUDDEN_SPIKE_FREQ
198,2020-06-05 12:00:00.000000,0.0017028522775649,3.57,,SUDDEN_SPIKE_FREQ
541,2020-04-05 00:00:00.000000,0.0039249890972525,3.57,,SUDDEN_SPIKE_FREQ
106,2019-06-07 12:00:00.000000,0.0025284450063211,3.57,,SUDDEN_SPIKE_FREQ
332,2019-03-28 00:00:00.000000,0.0021267545725223,3.56,,SUDDEN_SPIKE_FREQ
270,2021-11-26 00:00:00.000000,0.0017368649587494,3.56,,SUDDEN_SPIKE_FREQ
458,2019-11-25 00:00:00.000000,0.0017833259028087,3.56,,SUDDEN_SPIKE_FREQ
133,2019-06-07 12:00:00.000000,0.0058997050147492,3.55,,SUDDEN_SPIKE_FREQ
134,2019-01-14 23:59:59.999999,0.0029436501261564,3.55,,SUDDEN_SPIKE_FREQ
479,2020-03-11 12:00:00.000000,0.0068965517241379,3.54,,SUDDEN_SPIKE_FREQ
168,2019-08-20 00:00:00.000000,0.0022331397945511,3.54,,SUDDEN_SPIKE_FREQ
58,2020-08-19 12:00:00.000000,0.0022271714922048,3.54,,SUDDEN_SPIKE_FREQ
386,2020-02-16 12:00:00.000000,0.0040124832813196,3.54,,SUDDEN_SPIKE_FREQ
261,2020-06-05 12:00:00.000000,0.0102171136653895,3.54,,SUDDEN_SPIKE_FREQ
281,2019-05-14 12:00:00.000000,0.0013163668275559,3.53,,SUDDEN_SPIKE_FREQ
76,2019-07-02 12:00:00.000000,0.0121130551816958,3.53,,SUDDEN_SPIKE_FREQ
557,2020-04-27 12:00:00.000000,0.005020920502092,3.53,,SUDDEN_SPIKE_FREQ
573,2020-06-24 00:00:00.000000,0.005947323704333,3.53,,SUDDEN_SPIKE_FREQ
293,2021-11-26 00:00:00.000000,0.0030395136778115,3.52,,SUDDEN_SPIKE_FREQ
566,2021-09-19 00:00:00.000000,0.0026200873362445,3.52,,SUDDEN_SPIKE_FREQ
146,2020-08-19 12:00:00.000000,0.0048997772828507,3.52,,SUDDEN_SPIKE_FREQ
251,2019-03-04 00:00:00.000000,0.0034144259496372,3.51,,SUDDEN_SPIKE_FREQ
628,2019-07-27 00:00:00.000000,0.0025597269624573,3.51,,SUDDEN_SPIKE_FREQ
545,2020-02-16 12:00:00.000000,0.0044583147570218,3.5,,SUDDEN_SPIKE_FREQ
412,2021-09-19 00:00:00.000000,0.0026200873362445,3.5,,SUDDEN_SPIKE_FREQ
91,2020-08-19 12:00:00.000000,0.0022271714922048,3.49,,SUDDEN_SPIKE_FREQ
575,2020-08-19 12:00:00.000000,0.0044543429844097,3.49,,SUDDEN_SPIKE_FREQ
379,2021-03-11 12:00:00.000000,0.0030647985989492,3.48,,SUDDEN_SPIKE_FREQ
633,2020-09-26 12:00:00.000000,0.0022727272727272,3.48,,SUDDEN_SPIKE_FREQ
360,2019-12-23 00:00:00.000000,0.0025423728813559,3.48,,SUDDEN_SPIKE_FREQ
465,2021-11-26 00:00:00.000000,0.0060790273556231,3.48,,SUDDEN_SPIKE_FREQ
126,2020-02-16 12:00:00.000000,0.0035666518056174,3.48,,SUDDEN_SPIKE_FREQ
599,2020-07-12 12:00:00.000000,0.0063176895306859,3.47,,SUDDEN_SPIKE_FREQ
89,2020-01-22 00:00:00.000000,0.0112068965517241,3.47,,SUDDEN_SPIKE_FREQ
600,2021-09-19 00:00:00.000000,0.0017467248908296,3.46,,SUDDEN_SPIKE_FREQ
222,2019-04-21 00:00:00.000000,0.0057042562527424,3.46,,SUDDEN_SPIKE_FREQ
179,2021-02-18 12:00:00.000000,0.0030263726761781,3.46,,SUDDEN_SPIKE_FREQ
171,2019-11-01 12:00:00.000000,0.0052631578947368,3.45,,SUDDEN_SPIKE_FREQ
453,2020-06-05 12:00:00.000000,0.0046828437633035,3.44,,SUDDEN_SPIKE_FREQ
376,2020-12-13 12:00:00.000000,0.0030701754385964,3.44,,SUDDEN_SPIKE_FREQ
244,2019-09-13 00:00:00.000000,0.0021654395842356,3.44,,SUDDEN_SPIKE_FREQ
581,2020-04-05 00:00:00.000000,0.0165721761883994,3.44,,SUDDEN_SPIKE_FREQ
438,2019-12-23 00:00:00.000000,0.0016949152542372,3.43,,SUDDEN_SPIKE_FREQ
103,2020-08-19 12:00:00.000000,0.0031180400890868,3.43,,SUDDEN_SPIKE_FREQ
483,2020-04-05 00:00:00.000000,0.0152638464893153,3.43,,SUDDEN_SPIKE_FREQ
179,2020-11-23 12:00:00.000000,0.0030068728522336,3.43,,SUDDEN_SPIKE_FREQ
553,2020-04-05 00:00:00.000000,0.0026166593981683,3.42,,SUDDEN_SPIKE_FREQ
584,2020-04-05 00:00:00.000000,0.003052769297863,3.42,,SUDDEN_SPIKE_FREQ
239,2020-04-27 12:00:00.000000,0.0234309623430962,3.42,,SUDDEN_SPIKE_FREQ
556,2021-09-19 00:00:00.000000,0.0091703056768558,3.42,,SUDDEN_SPIKE_FREQ
32,2021-09-19 00:00:00.000000,0.0100436681222707,3.41,,SUDDEN_SPIKE_FREQ
613,2020-09-07 00:00:00.000000,0.0025010421008753,3.41,,SUDDEN_SPIKE_FREQ
199,2019-04-21 00:00:00.000000,0.0070206230802983,3.4,,SUDDEN_SPIKE_FREQ
121,2019-07-02 12:00:00.000000,0.0035890533871691,3.4,,SUDDEN_SPIKE_FREQ
317,2021-02-18 12:00:00.000000,0.0051880674448767,3.4,,SUDDEN_SPIKE_FREQ
128,2020-04-27 12:00:00.000000,0.009623430962343,3.4,,SUDDEN_SPIKE_FREQ
539,2021-01-29 12:00:00.000000,0.0025553662691652,3.4,,SUDDEN_SPIKE_FREQ
101,2021-07-13 00:00:00.000000,0.0021748586341887,3.39,,SUDDEN_SPIKE_FREQ
483,2020-05-17 12:00:00.000000,0.0151043980453131,3.39,,SUDDEN_SPIKE_FREQ
128,2020-04-05 00:00:00.000000,0.0095944177932839,3.39,,SUDDEN_SPIKE_FREQ
609,2020-09-26 12:00:00.000000,0.0045454545454545,3.39,,SUDDEN_SPIKE_FREQ
75,2020-07-12 12:00:00.000000,0.0157942238267148,3.39,,SUDDEN_SPIKE_FREQ
196,2020-04-05 00:00:00.000000,0.0087221979938944,3.39,,SUDDEN_SPIKE_FREQ
25,2020-12-13 12:00:00.000000,0.0035087719298245,3.39,,SUDDEN_SPIKE_FREQ
284,2020-10-16 00:00:00.000000,0.0016970725498515,3.39,,SUDDEN_SPIKE_FREQ
346,2020-10-16 00:00:00.000000,0.0016970725498515,3.39,,SUDDEN_SPIKE_FREQ
3,2019-07-02 12:00:00.000000,0.0017945266935845,3.39,,SUDDEN_SPIKE_FREQ
406,2019-08-20 00:00:00.000000,0.0053595355069227,3.38,,SUDDEN_SPIKE_FREQ
527,2019-09-13 00:00:00.000000,0.0043308791684712,3.38,,SUDDEN_SPIKE_FREQ
121,2019-08-20 00:00:00.000000,0.0035730236712818,3.38,,SUDDEN_SPIKE_FREQ
62,2019-11-01 12:00:00.000000,0.0026315789473684,3.38,,SUDDEN_SPIKE_FREQ
387,2019-12-23 00:00:00.000000,0.0021186440677966,3.37,,SUDDEN_SPIKE_FREQ
234,2019-09-13 00:00:00.000000,0.0060632308358596,3.37,,SUDDEN_SPIKE_FREQ
9,2019-09-13 00:00:00.000000,0.0030316154179298,3.37,,SUDDEN_SPIKE_FREQ
347,2021-04-30 12:00:00.000000,0.0021862702229995,3.37,,SUDDEN_SPIKE_FREQ
320,2021-03-11 12:00:00.000000,0.0030647985989492,3.36,,SUDDEN_SPIKE_FREQ
305,2021-04-30 12:00:00.000000,0.0043725404459991,3.35,,SUDDEN_SPIKE_FREQ
196,2020-03-11 12:00:00.000000,0.0086206896551724,3.34,,SUDDEN_SPIKE_FREQ
285,2019-09-13 00:00:00.000000,0.0017323516673884,3.34,,SUDDEN_SPIKE_FREQ
298,2020-02-16 12:00:00.000000,0.0022291573785109,3.34,,SUDDEN_SPIKE_FREQ
249,2019-06-07 12:00:00.000000,0.0033712600084281,3.34,,SUDDEN_SPIKE_FREQ
408,2019-06-07 12:00:00.000000,0.0042140750105351,3.33,,SUDDEN_SPIKE_FREQ
578,2020-08-19 12:00:00.000000,0.0017817371937639,3.33,,SUDDEN_SPIKE_FREQ
66,2020-01-22 00:00:00.000000,0.0068965517241379,3.33,,SUDDEN_SPIKE_FREQ
81,2020-11-04 12:00:00.000000,0.0021533161068044,3.32,,SUDDEN_SPIKE_FREQ
487,2020-08-01 00:00:00.000000,0.0017174753112924,3.32,,SUDDEN_SPIKE_FREQ
111,2021-01-06 00:00:00.000000,0.0035682426404995,3.32,,SUDDEN_SPIKE_FREQ
414,2020-05-17 12:00:00.000000,0.0026654820079964,3.31,,SUDDEN_SPIKE_FREQ
282,2019-11-01 12:00:00.000000,0.0017543859649122,3.31,,SUDDEN_SPIKE_FREQ
509,2020-10-16 00:00:00.000000,0.0025456088247772,3.31,,SUDDEN_SPIKE_FREQ
62,2020-01-22 00:00:00.000000,0.0025862068965517,3.31,,SUDDEN_SPIKE_FREQ
597,2019-08-20 00:00:00.000000,0.0017865118356409,3.29,,SUDDEN_SPIKE_FREQ
99,2019-08-20 00:00:00.000000,0.0053595355069227,3.29,,SUDDEN_SPIKE_FREQ
18,2019-02-09 00:00:00.000000,0.0017881090746535,3.28,,SUDDEN_SPIKE_FREQ
5,2019-11-25 00:00:00.000000,0.0026749888542131,3.28,,SUDDEN_SPIKE_FREQ
273,2021-09-19 00:00:00.000000,0.0109170305676855,3.27,,SUDDEN_SPIKE_FREQ
59,2021-09-19 00:00:00.000000,0.0030567685589519,3.27,,SUDDEN_SPIKE_FREQ
264,2021-01-06 00:00:00.000000,0.0138269402319357,3.27,,SUDDEN_SPIKE_FREQ
188,2019-05-14 12:00:00.000000,0.0026327336551118,3.27,,SUDDEN_SPIKE_FREQ
117,2020-03-11 12:00:00.000000,0.0137931034482758,3.26,,SUDDEN_SPIKE_FREQ
137,2019-08-20 00:00:00.000000,0.0026797677534613,3.26,,SUDDEN_SPIKE_FREQ
501,2020-04-27 12:00:00.000000,0.002092050209205,3.26,,SUDDEN_SPIKE_FREQ
424,2019-04-21 00:00:00.000000,0.0021939447125932,3.26,,SUDDEN_SPIKE_FREQ
538,2020-04-27 12:00:00.000000,0.007531380753138,3.26,,SUDDEN_SPIKE_FREQ
59,2021-07-13 00:00:00.000000,0.0030448020878642,3.26,,SUDDEN_SPIKE_FREQ
90,2020-09-07 00:00:00.000000,0.0083368070029178,3.25,,SUDDEN_SPIKE_FREQ
254,2020-02-16 12:00:00.000000,0.0026749888542131,3.25,,SUDDEN_SPIKE_FREQ
560,2019-01-14 23:59:59.999999,0.0100925147182506,3.25,,SUDDEN_SPIKE_FREQ
576,2020-09-26 12:00:00.000000,0.0022727272727272,3.25,,SUDDEN_SPIKE_FREQ
420,2019-04-21 00:00:00.000000,0.0021939447125932,3.24,,SUDDEN_SPIKE_FREQ
82,2021-01-06 00:00:00.000000,0.0022301516503122,3.24,,SUDDEN_SPIKE_FREQ
627,2019-07-02 12:00:00.000000,0.0026917900403768,3.23,,SUDDEN_SPIKE_FREQ
382,2019-12-23 00:00:00.000000,0.0042372881355932,3.23,,SUDDEN_SPIKE_FREQ
389,2020-12-13 12:00:00.000000,0.0021929824561403,3.23,,SUDDEN_SPIKE_FREQ
25,2019-06-07 12:00:00.000000,0.0033712600084281,3.23,,SUDDEN_SPIKE_FREQ
100,2019-01-14 23:59:59.999999,0.0096719932716568,3.22,,SUDDEN_SPIKE_FREQ
500,2020-04-05 00:00:00.000000,0.0021805494984736,3.22,,SUDDEN_SPIKE_FREQ
129,2019-10-08 00:00:00.000000,0.0054507337526205,3.22,,SUDDEN_SPIKE_FREQ
53,2019-03-04 00:00:00.000000,0.0128040973111395,3.2,,SUDDEN_SPIKE_FREQ
4,2019-11-25 00:00:00.000000,0.0022291573785109,3.2,,SUDDEN_SPIKE_FREQ
591,2020-12-13 12:00:00.000000,0.0021929824561403,3.2,,SUDDEN_SPIKE_FREQ
457,2019-04-21 00:00:00.000000,0.0136024572180781,3.19,,SUDDEN_SPIKE_FREQ
500,2020-03-11 12:00:00.000000,0.0021551724137931,3.18,,SUDDEN_SPIKE_FREQ
103,2020-09-07 00:00:00.000000,0.0029178824510212,3.18,,SUDDEN_SPIKE_FREQ
66,2020-09-07 00:00:00.000000,0.0066694456023343,3.18,,SUDDEN_SPIKE_FREQ
468,2020-01-22 00:00:00.000000,0.0012931034482758,3.18,,SUDDEN_SPIKE_FREQ
551,2020-07-12 12:00:00.000000,0.0022563176895306,3.18,,SUDDEN_SPIKE_FREQ
488,2019-07-02 12:00:00.000000,0.0031404217137729,3.18,,SUDDEN_SPIKE_FREQ
251,2019-02-09 00:00:00.000000,0.0031291908806437,3.17,,SUDDEN_SPIKE_FREQ
433,2020-05-17 12:00:00.000000,0.0013327410039982,3.17,,SUDDEN_SPIKE_FREQ
86,2019-07-02 12:00:00.000000,0.0062808434275459,3.17,,SUDDEN_SPIKE_FREQ
116,2020-04-05 00:00:00.000000,0.0039249890972525,3.17,,SUDDEN_SPIKE_FREQ
482,2021-02-18 12:00:00.000000,0.0017293558149589,3.17,,SUDDEN_SPIKE_FREQ
304,2021-03-11 12:00:00.000000,0.004816112084063,3.16,,SUDDEN_SPIKE_FREQ
82,2021-09-19 00:00:00.000000,0.0021834061135371,3.16,,SUDDEN_SPIKE_FREQ
83,2020-11-23 12:00:00.000000,0.0047250859106529,3.16,,SUDDEN_SPIKE_FREQ
436,2019-01-14 23:59:59.999999,0.0012615643397813,3.16,,SUDDEN_SPIKE_FREQ
8,2019-11-25 00:00:00.000000,0.0026749888542131,3.16,,SUDDEN_SPIKE_FREQ
443,2019-05-14 12:00:00.000000,0.0021939447125932,3.15,,SUDDEN_SPIKE_FREQ
393,2019-03-28 00:00:00.000000,0.0017014036580178,3.15,,SUDDEN_SPIKE_FREQ
474,2019-07-02 12:00:00.000000,0.0026917900403768,3.15,,SUDDEN_SPIKE_FREQ
118,2019-08-20 00:00:00.000000,0.0031263957123715,3.14,,SUDDEN_SPIKE_FREQ
618,2021-03-11 12:00:00.000000,0.0021891418563922,3.14,,SUDDEN_SPIKE_FREQ
491,2020-06-05 12:00:00.000000,0.0025542784163473,3.14,,SUDDEN_SPIKE_FREQ
268,2020-11-23 12:00:00.000000,0.0128865979381443,3.14,,SUDDEN_SPIKE_FREQ
548,2019-11-01 12:00:00.000000,0.006578947368421,3.14,,SUDDEN_SPIKE_FREQ
26,2019-06-07 12:00:00.000000,0.001685630004214,3.13,,SUDDEN_SPIKE_FREQ
543,2020-12-13 12:00:00.000000,0.0043859649122807,3.13,,SUDDEN_SPIKE_FREQ
291,2019-04-21 00:00:00.000000,0.0026327336551118,3.13,,SUDDEN_SPIKE_FREQ
500,2020-06-05 12:00:00.000000,0.0021285653469561,3.13,,SUDDEN_SPIKE_FREQ
167,2020-10-16 00:00:00.000000,0.0042426813746287,3.13,,SUDDEN_SPIKE_FREQ
338,2021-03-11 12:00:00.000000,0.0043782837127845,3.12,,SUDDEN_SPIKE_FREQ
22,2019-11-25 00:00:00.000000,0.004904146232724,3.12,,SUDDEN_SPIKE_FREQ
390,2019-10-08 00:00:00.000000,0.0041928721174004,3.12,,SUDDEN_SPIKE_FREQ
250,2019-07-02 12:00:00.000000,0.0076267384477344,3.12,,SUDDEN_SPIKE_FREQ
283,2019-07-02 12:00:00.000000,0.0013458950201884,3.12,,SUDDEN_SPIKE_FREQ
176,2020-09-07 00:00:00.000000,0.0058357649020425,3.11,,SUDDEN_SPIKE_FREQ
235,2019-01-14 23:59:59.999999,0.0037846930193439,3.11,,SUDDEN_SPIKE_FREQ
499,2020-05-17 12:00:00.000000,0.0057752110173256,3.11,,SUDDEN_SPIKE_FREQ
256,2021-04-30 12:00:00.000000,0.0013117621337997,3.11,,SUDDEN_SPIKE_FREQ
411,2019-07-02 12:00:00.000000,0.0017945266935845,3.1,,SUDDEN_SPIKE_FREQ
211,2019-02-09 00:00:00.000000,0.0040232454179704,3.1,,SUDDEN_SPIKE_FREQ
237,2019-08-20 00:00:00.000000,0.0035730236712818,3.1,,SUDDEN_SPIKE_FREQ
540,2019-07-02 12:00:00.000000,0.0013458950201884,3.1,,SUDDEN_SPIKE_FREQ
532,2020-03-11 12:00:00.000000,0.0025862068965517,3.1,,SUDDEN_SPIKE_FREQ
489,2019-03-04 00:00:00.000000,0.0034144259496372,3.1,,SUDDEN_SPIKE_FREQ
5,2019-12-23 00:00:00.000000,0.0025423728813559,3.1,,SUDDEN_SPIKE_FREQ
271,2020-10-16 00:00:00.000000,0.0021213406873143,3.09,,SUDDEN_SPIKE_FREQ
202,2019-03-28 00:00:00.000000,0.0012760527435133,3.09,,SUDDEN_SPIKE_FREQ
498,2019-04-21 00:00:00.000000,0.0035103115401491,3.09,,SUDDEN_SPIKE_FREQ
36,2020-06-24 00:00:00.000000,0.0055225148683092,3.09,,SUDDEN_SPIKE_FREQ
146,2019-05-14 12:00:00.000000,0.0043878894251864,3.09,,SUDDEN_SPIKE_FREQ
416,2021-07-13 00:00:00.000000,0.0021748586341887,3.08,,SUDDEN_SPIKE_FREQ
110,2020-04-27 12:00:00.000000,0.002092050209205,3.08,,SUDDEN_SPIKE_FREQ
365,2019-03-04 00:00:00.000000,0.0012804097311139,3.07,,SUDDEN_SPIKE_FREQ
569,2021-07-13 00:00:00.000000,0.0021748586341887,3.07,,SUDDEN_SPIKE_FREQ
214,2019-02-09 00:00:00.000000,0.0013410818059901,3.06,,SUDDEN_SPIKE_FREQ
210,2020-10-16 00:00:00.000000,0.0038184132371658,3.06,,SUDDEN_SPIKE_FREQ
416,2019-09-13 00:00:00.000000,0.0021654395842356,3.06,,SUDDEN_SPIKE_FREQ
345,2019-11-25 00:00:00.000000,0.0013374944271065,3.06,,SUDDEN_SPIKE_FREQ
97,2021-02-18 12:00:00.000000,0.0056204063986165,3.06,,SUDDEN_SPIKE_FREQ
242,2021-07-13 00:00:00.000000,0.0200086994345367,3.05,,SUDDEN_SPIKE_FREQ
318,2020-11-23 12:00:00.000000,0.0047250859106529,3.05,,SUDDEN_SPIKE_FREQ
430,2019-11-01 12:00:00.000000,0.0052631578947368,3.04,,SUDDEN_SPIKE_FREQ
303,2021-11-26 00:00:00.000000,0.0086843247937472,3.04,,SUDDEN_SPIKE_FREQ
440,2020-04-27 12:00:00.000000,0.007531380753138,3.04,,SUDDEN_SPIKE_FREQ
155,2021-11-26 00:00:00.000000,0.0017368649587494,3.04,,SUDDEN_SPIKE_FREQ
246,2021-01-29 12:00:00.000000,0.0017035775127768,3.04,,SUDDEN_SPIKE_FREQ
108,2020-01-22 00:00:00.000000,0.0107758620689655,3.04,,SUDDEN_SPIKE_FREQ
484,2020-07-12 12:00:00.000000,0.0013537906137184,3.03,,SUDDEN_SPIKE_FREQ
576,2020-08-01 00:00:00.000000,0.0021468441391155,3.03,,SUDDEN_SPIKE_FREQ
417,2021-11-26 00:00:00.000000,0.0026052974381241,3.03,,SUDDEN_SPIKE_FREQ
402,2021-02-18 12:00:00.000000,0.0021616947686986,3.03,,SUDDEN_SPIKE_FREQ
216,2019-08-20 00:00:00.000000,0.01965163019205,3.03,,SUDDEN_SPIKE_FREQ
208,2019-02-09 00:00:00.000000,0.0013410818059901,3.03,,SUDDEN_SPIKE_FREQ
23,2019-11-25 00:00:00.000000,0.0026749888542131,3.02,,SUDDEN_SPIKE_FREQ
619,2019-01-14 23:59:59.999999,0.0033641715727502,3.02,,SUDDEN_SPIKE_FREQ
399,2019-02-09 00:00:00.000000,0.0017881090746535,3.01,,SUDDEN_SPIKE_FREQ
475,2019-07-27 00:00:00.000000,0.0025597269624573,3.01,,SUDDEN_SPIKE_FREQ
106,2019-11-01 12:00:00.000000,0.0021929824561403,3.01,,SUDDEN_SPIKE_FREQ
481,2019-11-01 12:00:00.000000,0.0026315789473684,3.01,,SUDDEN_SPIKE_FREQ
20,2019-11-01 12:00:00.000000,0.0052631578947368,3.01,,SUDDEN_SPIKE_FREQ
426,2021-01-29 12:00:00.000000,0.0055366269165247,3.0,,SUDDEN_SPIKE_FREQ
497,2019-12-23 00:00:00.000000,0.0025423728813559,3.0,,SUDDEN_SPIKE_FREQ
158,2019-02-09 00:00:00.000000,0.0013410818059901,3.0,,SUDDEN_SPIKE_FREQ
200,2019-07-02 12:00:00.000000,0.0013458950201884,3.0,,SUDDEN_SPIKE_FREQ
608,2020-01-22 00:00:00.000000,0.0060344827586206,2.99,,SUDDEN_SPIKE_FREQ
300,2020-08-19 12:00:00.000000,0.0022271714922048,2.99,,SUDDEN_SPIKE_FREQ
545,2021-03-11 12:00:00.000000,0.0039404553415061,2.98,,SUDDEN_SPIKE_FREQ
577,2021-02-18 12:00:00.000000,0.0030263726761781,2.98,,SUDDEN_SPIKE_FREQ
337,2019-02-09 00:00:00.000000,0.0013410818059901,2.98,,SUDDEN_SPIKE_FREQ
486,2019-10-08 00:00:00.000000,0.0046121593291404,2.98,,SUDDEN_SPIKE_FREQ
383,2021-11-26 00:00:00.000000,0.001302648719062,2.98,,SUDDEN_SPIKE_FREQ
450,2020-12-13 12:00:00.000000,0.0030701754385964,2.98,,SUDDEN_SPIKE_FREQ
85,2021-03-11 12:00:00.000000,0.0021891418563922,2.98,,SUDDEN_SPIKE_FREQ
142,2021-01-06 00:00:00.000000,0.0026761819803746,2.97,,SUDDEN_SPIKE_FREQ
195,2019-11-01 12:00:00.000000,0.0026315789473684,2.97,,SUDDEN_SPIKE_FREQ
407,2021-11-26 00:00:00.000000,0.0030395136778115,2.96,,SUDDEN_SPIKE_FREQ
135,2020-11-23 12:00:00.000000,0.0038659793814432,2.96,,SUDDEN_SPIKE_FREQ
294,2020-02-16 12:00:00.000000,0.0013374944271065,2.96,,SUDDEN_SPIKE_FREQ
605,2019-12-23 00:00:00.000000,0.0012711864406779,2.96,,SUDDEN_SPIKE_FREQ
305,2021-07-13 00:00:00.000000,0.0039147455415398,2.96,,SUDDEN_SPIKE_FREQ
69,2019-08-20 00:00:00.000000,0.004019651630192,2.96,,SUDDEN_SPIKE_FREQ
225,2020-12-13 12:00:00.000000,0.0017543859649122,2.95,,SUDDEN_SPIKE_FREQ
313,2019-11-25 00:00:00.000000,0.0017833259028087,2.95,,SUDDEN_SPIKE_FREQ
155,2019-12-23 00:00:00.000000,0.0016949152542372,2.95,,SUDDEN_SPIKE_FREQ
143,2019-11-01 12:00:00.000000,0.0043859649122807,2.95,,SUDDEN_SPIKE_FREQ
336,2020-09-26 12:00:00.000000,0.0027272727272727,2.95,,SUDDEN_SPIKE_FREQ
229,2020-01-22 00:00:00.000000,0.0012931034482758,2.95,,SUDDEN_SPIKE_FREQ
313,2020-02-16 12:00:00.000000,0.0017833259028087,2.95,,SUDDEN_SPIKE_FREQ
373,2020-09-26 12:00:00.000000,0.0054545454545454,2.94,,SUDDEN_SPIKE_FREQ
275,2020-05-17 12:00:00.000000,0.0013327410039982,2.93,,SUDDEN_SPIKE_FREQ
302,2019-07-27 00:00:00.000000,0.0017064846416382,2.93,,SUDDEN_SPIKE_FREQ
236,2020-04-05 00:00:00.000000,0.003052769297863,2.92,,SUDDEN_SPIKE_FREQ
239,2020-04-05 00:00:00.000000,0.0204971652856519,2.92,,SUDDEN_SPIKE_FREQ
312,2021-09-19 00:00:00.000000,0.011353711790393,2.92,,SUDDEN_SPIKE_FREQ
396,2021-01-06 00:00:00.000000,0.0307760927743086,2.92,,SUDDEN_SPIKE_FREQ
288,2020-01-22 00:00:00.000000,0.0086206896551724,2.91,,SUDDEN_SPIKE_FREQ
337,2019-11-01 12:00:00.000000,0.0013157894736842,2.91,,SUDDEN_SPIKE_FREQ
344,2019-09-13 00:00:00.000000,0.0021654395842356,2.91,,SUDDEN_SPIKE_FREQ
465,2021-09-19 00:00:00.000000,0.005240174672489,2.91,,SUDDEN_SPIKE_FREQ
315,2021-04-30 12:00:00.000000,0.0135548753825972,2.91,,SUDDEN_SPIKE_FREQ
509,2020-09-26 12:00:00.000000,0.0022727272727272,2.91,,SUDDEN_SPIKE_FREQ
225,2021-11-26 00:00:00.000000,0.0017368649587494,2.91,,SUDDEN_SPIKE_FREQ
27,2020-03-11 12:00:00.000000,0.0064655172413793,2.9,,SUDDEN_SPIKE_FREQ
588,2021-11-26 00:00:00.000000,0.0091185410334346,2.9,,SUDDEN_SPIKE_FREQ
160,2019-02-09 00:00:00.000000,0.0044702726866338,2.9,,SUDDEN_SPIKE_FREQ
345,2019-07-27 00:00:00.000000,0.0012798634812286,2.9,,SUDDEN_SPIKE_FREQ
465,2021-07-13 00:00:00.000000,0.005219660722053,2.9,,SUDDEN_SPIKE_FREQ
178,2021-01-29 12:00:00.000000,0.0051107325383304,2.9,,SUDDEN_SPIKE_FREQ
456,2020-01-22 00:00:00.000000,0.0021551724137931,2.9,,SUDDEN_SPIKE_FREQ
551,2020-04-27 12:00:00.000000,0.002092050209205,2.9,,SUDDEN_SPIKE_FREQ
23,2020-11-23 12:00:00.000000,0.0025773195876288,2.89,,SUDDEN_SPIKE_FREQ
53,2019-01-14 23:59:59.999999,0.0117746005046257,2.89,,SUDDEN_SPIKE_FREQ
566,2020-05-17 12:00:00.000000,0.0022212350066637,2.89,,SUDDEN_SPIKE_FREQ
148,2020-07-12 12:00:00.000000,0.003610108303249,2.89,,SUDDEN_SPIKE_FREQ
275,2019-05-14 12:00:00.000000,0.0013163668275559,2.89,,SUDDEN_SPIKE_FREQ
415,2019-12-23 00:00:00.000000,0.0021186440677966,2.89,,SUDDEN_SPIKE_FREQ
248,2021-03-11 12:00:00.000000,0.0013134851138353,2.89,,SUDDEN_SPIKE_FREQ
147,2019-11-01 12:00:00.000000,0.0017543859649122,2.88,,SUDDEN_SPIKE_FREQ
275,2021-03-11 12:00:00.000000,0.0013134851138353,2.88,,SUDDEN_SPIKE_FREQ
514,2019-09-13 00:00:00.000000,0.0012992637505413,2.88,,SUDDEN_SPIKE_FREQ
279,2019-02-09 00:00:00.000000,0.0022351363433169,2.88,,SUDDEN_SPIKE_FREQ
10,2020-10-16 00:00:00.000000,0.0012728044123886,2.88,,SUDDEN_SPIKE_FREQ
431,2019-07-27 00:00:00.000000,0.0021331058020477,2.88,,SUDDEN_SPIKE_FREQ
322,2019-08-20 00:00:00.000000,0.0017865118356409,2.88,,SUDDEN_SPIKE_FREQ
585,2020-04-05 00:00:00.000000,0.0126471870911469,2.87,,SUDDEN_SPIKE_FREQ
143,2020-08-01 00:00:00.000000,0.004293688278231,2.87,,SUDDEN_SPIKE_FREQ
302,2019-01-14 23:59:59.999999,0.0016820857863751,2.87,,SUDDEN_SPIKE_FREQ
68,2020-06-05 12:00:00.000000,0.0034057045551298,2.87,,SUDDEN_SPIKE_FREQ
279,2019-11-25 00:00:00.000000,0.0022291573785109,2.87,,SUDDEN_SPIKE_FREQ
595,2019-07-02 12:00:00.000000,0.0062808434275459,2.87,,SUDDEN_SPIKE_FREQ
266,2019-02-09 00:00:00.000000,0.0031291908806437,2.87,,SUDDEN_SPIKE_FREQ
170,2021-01-29 12:00:00.000000,0.0089437819420783,2.87,,SUDDEN_SPIKE_FREQ
133,2019-07-02 12:00:00.000000,0.0049349484073575,2.87,,SUDDEN_SPIKE_FREQ
218,2019-02-09 00:00:00.000000,0.0031291908806437,2.86,,SUDDEN_SPIKE_FREQ
464,2020-07-12 12:00:00.000000,0.0162454873646209,2.86,,SUDDEN_SPIKE_FREQ
447,2020-11-23 12:00:00.000000,0.002147766323024,2.86,,SUDDEN_SPIKE_FREQ
33,2020-12-13 12:00:00.000000,0.0043859649122807,2.86,,SUDDEN_SPIKE_FREQ
514,2020-11-23 12:00:00.000000,0.0012886597938144,2.85,,SUDDEN_SPIKE_FREQ
608,2019-11-25 00:00:00.000000,0.0057958091841284,2.85,,SUDDEN_SPIKE_FREQ
6,2020-03-11 12:00:00.000000,0.0012931034482758,2.85,,SUDDEN_SPIKE_FREQ
431,2019-12-23 00:00:00.000000,0.0021186440677966,2.85,,SUDDEN_SPIKE_FREQ
383,2019-10-08 00:00:00.000000,0.0012578616352201,2.85,,SUDDEN_SPIKE_FREQ
486,2019-08-20 00:00:00.000000,0.0044662795891022,2.84,,SUDDEN_SPIKE_FREQ
432,2019-07-02 12:00:00.000000,0.0085240017945266,2.84,,SUDDEN_SPIKE_FREQ
45,2019-07-27 00:00:00.000000,0.0029863481228668,2.84,,SUDDEN_SPIKE_FREQ
235,2019-04-21 00:00:00.000000,0.0035103115401491,2.84,,SUDDEN_SPIKE_FREQ
623,2020-12-13 12:00:00.000000,0.0017543859649122,2.84,,SUDDEN_SPIKE_FREQ
99,2020-01-22 00:00:00.000000,0.0047413793103448,2.84,,SUDDEN_SPIKE_FREQ
158,2019-07-27 00:00:00.000000,0.0012798634812286,2.83,,SUDDEN_SPIKE_FREQ
311,2019-05-14 12:00:00.000000,0.0087757788503729,2.83,,SUDDEN_SPIKE_FREQ
553,2020-05-17 12:00:00.000000,0.0022212350066637,2.83,,SUDDEN_SPIKE_FREQ
57,2019-07-27 00:00:00.000000,0.0098122866894197,2.83,,SUDDEN_SPIKE_FREQ
104,2019-11-25 00:00:00.000000,0.0057958091841284,2.83,,SUDDEN_SPIKE_FREQ
357,2019-02-09 00:00:00.000000,0.0040232454179704,2.83,,SUDDEN_SPIKE_FREQ
628,2019-09-13 00:00:00.000000,0.0021654395842356,2.83,,SUDDEN_SPIKE_FREQ
313,2020-11-23 12:00:00.000000,0.0017182130584192,2.82,,SUDDEN_SPIKE_FREQ
179,2019-06-07 12:00:00.000000,0.0025284450063211,2.82,,SUDDEN_SPIKE_FREQ
200,2019-03-04 00:00:00.000000,0.0012804097311139,2.82,,SUDDEN_SPIKE_FREQ
579,2020-02-16 12:00:00.000000,0.0115916183682568,2.82,,SUDDEN_SPIKE_FREQ
446,2020-09-07 00:00:00.000000,0.0020842017507294,2.82,,SUDDEN_SPIKE_FREQ
439,2019-08-20 00:00:00.000000,0.0013398838767306,2.81,,SUDDEN_SPIKE_FREQ
543,2021-01-06 00:00:00.000000,0.0040142729705619,2.81,,SUDDEN_SPIKE_FREQ
485,2019-09-13 00:00:00.000000,0.0017323516673884,2.81,,SUDDEN_SPIKE_FREQ
265,2019-04-21 00:00:00.000000,0.0043878894251864,2.8,,SUDDEN_SPIKE_FREQ
53,2019-03-28 00:00:00.000000,0.0114844746916205,2.8,,SUDDEN_SPIKE_FREQ
280,2019-04-21 00:00:00.000000,0.0026327336551118,2.8,,SUDDEN_SPIKE_FREQ
400,2019-02-09 00:00:00.000000,0.0031291908806437,2.8,,SUDDEN_SPIKE_FREQ
113,2019-07-02 12:00:00.000000,0.0013458950201884,2.79,,SUDDEN_SPIKE_FREQ
425,2020-04-05 00:00:00.000000,0.0034888791975577,2.79,,SUDDEN_SPIKE_FREQ
34,2019-09-13 00:00:00.000000,0.0030316154179298,2.79,,SUDDEN_SPIKE_FREQ
315,2021-09-19 00:00:00.000000,0.0131004366812227,2.79,,SUDDEN_SPIKE_FREQ
324,2019-02-09 00:00:00.000000,0.0017881090746535,2.79,,SUDDEN_SPIKE_FREQ
64,2020-02-16 12:00:00.000000,0.0017833259028087,2.79,,SUDDEN_SPIKE_FREQ
582,2019-03-28 00:00:00.000000,0.0029774564015312,2.79,,SUDDEN_SPIKE_FREQ
580,2020-05-17 12:00:00.000000,0.0026654820079964,2.79,,SUDDEN_SPIKE_FREQ
632,2019-10-08 00:00:00.000000,0.0037735849056603,2.79,,SUDDEN_SPIKE_FREQ
42,2020-10-16 00:00:00.000000,0.0016970725498515,2.79,,SUDDEN_SPIKE_FREQ
329,2020-01-22 00:00:00.000000,0.0017241379310344,2.78,,SUDDEN_SPIKE_FREQ
74,2019-01-14 23:59:59.999999,0.0046257359125315,2.78,,SUDDEN_SPIKE_FREQ
69,2019-07-27 00:00:00.000000,0.003839590443686,2.78,,SUDDEN_SPIKE_FREQ
429,2021-07-13 00:00:00.000000,0.0086994345367551,2.78,,SUDDEN_SPIKE_FREQ
324,2020-08-19 12:00:00.000000,0.0017817371937639,2.77,,SUDDEN_SPIKE_FREQ
306,2021-03-11 12:00:00.000000,0.0052539404553415,2.77,,SUDDEN_SPIKE_FREQ
299,2019-09-13 00:00:00.000000,0.0017323516673884,2.77,,SUDDEN_SPIKE_FREQ
263,2019-11-25 00:00:00.000000,0.0022291573785109,2.77,,SUDDEN_SPIKE_FREQ
499,2020-04-05 00:00:00.000000,0.0052333187963366,2.76,,SUDDEN_SPIKE_FREQ
313,2019-06-07 12:00:00.000000,0.001685630004214,2.76,,SUDDEN_SPIKE_FREQ
9,2019-12-23 00:00:00.000000,0.0025423728813559,2.76,,SUDDEN_SPIKE_FREQ
128,2020-02-16 12:00:00.000000,0.0080249665626393,2.76,,SUDDEN_SPIKE_FREQ
213,2020-08-19 12:00:00.000000,0.0026726057906458,2.76,,SUDDEN_SPIKE_FREQ
185,2020-07-12 12:00:00.000000,0.0013537906137184,2.76,,SUDDEN_SPIKE_FREQ
178,2021-01-06 00:00:00.000000,0.0049063336306868,2.76,,SUDDEN_SPIKE_FREQ
581,2020-03-11 12:00:00.000000,0.0137931034482758,2.75,,SUDDEN_SPIKE_FREQ
22,2019-11-01 12:00:00.000000,0.0043859649122807,2.75,,SUDDEN_SPIKE_FREQ
33,2019-12-23 00:00:00.000000,0.0042372881355932,2.75,,SUDDEN_SPIKE_FREQ
130,2021-01-06 00:00:00.000000,0.0298840321141837,2.75,,SUDDEN_SPIKE_FREQ
156,2020-04-05 00:00:00.000000,0.0026166593981683,2.75,,SUDDEN_SPIKE_FREQ
167,2019-03-28 00:00:00.000000,0.0038281582305401,2.75,,SUDDEN_SPIKE_FREQ
589,2021-01-06 00:00:00.000000,0.0013380909901873,2.75,,SUDDEN_SPIKE_FREQ
635,2019-11-25 00:00:00.000000,0.0071333036112349,2.74,,SUDDEN_SPIKE_FREQ
403,2020-02-16 12:00:00.000000,0.0026749888542131,2.74,,SUDDEN_SPIKE_FREQ
554,2021-11-26 00:00:00.000000,0.0034737299174989,2.74,,SUDDEN_SPIKE_FREQ
530,2019-02-09 00:00:00.000000,0.0017881090746535,2.74,,SUDDEN_SPIKE_FREQ
530,2021-01-06 00:00:00.000000,0.0017841213202497,2.73,,SUDDEN_SPIKE_FREQ
349,2019-03-28 00:00:00.000000,0.0038281582305401,2.73,,SUDDEN_SPIKE_FREQ
454,2020-07-12 12:00:00.000000,0.0022563176895306,2.73,,SUDDEN_SPIKE_FREQ
371,2021-01-06 00:00:00.000000,0.0022301516503122,2.73,,SUDDEN_SPIKE_FREQ
476,2019-08-20 00:00:00.000000,0.0080393032603841,2.73,,SUDDEN_SPIKE_FREQ
239,2020-03-11 12:00:00.000000,0.0193965517241379,2.73,,SUDDEN_SPIKE_FREQ
607,2021-01-29 12:00:00.000000,0.0017035775127768,2.72,,SUDDEN_SPIKE_FREQ
355,2019-05-14 12:00:00.000000,0.007459412022817,2.72,,SUDDEN_SPIKE_FREQ
295,2021-01-29 12:00:00.000000,0.0012776831345826,2.72,,SUDDEN_SPIKE_FREQ
472,2020-03-11 12:00:00.000000,0.0021551724137931,2.72,,SUDDEN_SPIKE_FREQ
91,2019-08-20 00:00:00.000000,0.0017865118356409,2.71,,SUDDEN_SPIKE_FREQ
232,2021-11-26 00:00:00.000000,0.0017368649587494,2.71,,SUDDEN_SPIKE_FREQ
526,2021-11-26 00:00:00.000000,0.0034737299174989,2.71,,SUDDEN_SPIKE_FREQ
182,2019-11-01 12:00:00.000000,0.0061403508771929,2.71,,SUDDEN_SPIKE_FREQ
503,2020-11-04 12:00:00.000000,0.0017226528854435,2.71,,SUDDEN_SPIKE_FREQ
295,2020-06-24 00:00:00.000000,0.0012744265080713,2.71,,SUDDEN_SPIKE_FREQ
448,2019-03-04 00:00:00.000000,0.0012804097311139,2.71,,SUDDEN_SPIKE_FREQ
495,2020-04-27 12:00:00.000000,0.006694560669456,2.71,,SUDDEN_SPIKE_FREQ
14,2019-08-20 00:00:00.000000,0.0022331397945511,2.71,,SUDDEN_SPIKE_FREQ
332,2020-06-24 00:00:00.000000,0.0016992353440951,2.71,,SUDDEN_SPIKE_FREQ
113,2021-09-19 00:00:00.000000,0.0013100436681222,2.7,,SUDDEN_SPIKE_FREQ
117,2020-04-05 00:00:00.000000,0.0117749672917575,2.7,,SUDDEN_SPIKE_FREQ
489,2020-05-17 12:00:00.000000,0.0031097290093291,2.7,,SUDDEN_SPIKE_FREQ
230,2021-04-30 12:00:00.000000,0.0017490161783996,2.7,,SUDDEN_SPIKE_FREQ
571,2020-03-11 12:00:00.000000,0.0021551724137931,2.69,,SUDDEN_SPIKE_FREQ
121,2019-06-07 12:00:00.000000,0.0029498525073746,2.69,,SUDDEN_SPIKE_FREQ
441,2021-03-11 12:00:00.000000,0.010507880910683,2.69,,SUDDEN_SPIKE_FREQ
145,2020-08-19 12:00:00.000000,0.0013363028953229,2.69,,SUDDEN_SPIKE_FREQ
20,2019-09-13 00:00:00.000000,0.0047639670853183,2.69,,SUDDEN_SPIKE_FREQ
333,2020-08-19 12:00:00.000000,0.0075723830734966,2.69,,SUDDEN_SPIKE_FREQ
278,2020-12-13 12:00:00.000000,0.0017543859649122,2.68,,SUDDEN_SPIKE_FREQ
478,2019-01-14 23:59:59.999999,0.0033641715727502,2.68,,SUDDEN_SPIKE_FREQ
126,2019-10-08 00:00:00.000000,0.0029350104821802,2.68,,SUDDEN_SPIKE_FREQ
133,2020-06-24 00:00:00.000000,0.0046728971962616,2.68,,SUDDEN_SPIKE_FREQ
153,2019-10-08 00:00:00.000000,0.0012578616352201,2.67,,SUDDEN_SPIKE_FREQ
506,2020-09-26 12:00:00.000000,0.0018181818181818,2.67,,SUDDEN_SPIKE_FREQ
547,2021-11-26 00:00:00.000000,0.0017368649587494,2.67,,SUDDEN_SPIKE_FREQ
530,2021-09-19 00:00:00.000000,0.0017467248908296,2.66,,SUDDEN_SPIKE_FREQ
11,2020-05-17 12:00:00.000000,0.0013327410039982,2.66,,SUDDEN_SPIKE_FREQ
479,2020-06-24 00:00:00.000000,0.0055225148683092,2.66,,SUDDEN_SPIKE_FREQ
439,2019-03-04 00:00:00.000000,0.0012804097311139,2.66,,SUDDEN_SPIKE_FREQ
452,2020-10-16 00:00:00.000000,0.0025456088247772,2.66,,SUDDEN_SPIKE_FREQ
274,2020-06-05 12:00:00.000000,0.0012771392081736,2.66,,SUDDEN_SPIKE_FREQ
547,2021-02-18 12:00:00.000000,0.0017293558149589,2.66,,SUDDEN_SPIKE_FREQ
308,2020-12-13 12:00:00.000000,0.0074561403508771,2.66,,SUDDEN_SPIKE_FREQ
39,2020-11-23 12:00:00.000000,0.0017182130584192,2.65,,SUDDEN_SPIKE_FREQ
338,2020-04-05 00:00:00.000000,0.0039249890972525,2.65,,SUDDEN_SPIKE_FREQ
550,2021-07-13 00:00:00.000000,0.003479773814702,2.65,,SUDDEN_SPIKE_FREQ
153,2020-09-07 00:00:00.000000,0.0012505210504376,2.65,,SUDDEN_SPIKE_FREQ
56,2020-04-27 12:00:00.000000,0.00418410041841,2.65,,SUDDEN_SPIKE_FREQ
213,2020-08-01 00:00:00.000000,0.0025762129669386,2.64,,SUDDEN_SPIKE_FREQ
88,2020-02-16 12:00:00.000000,0.0031208203299152,2.64,,SUDDEN_SPIKE_FREQ
396,2021-01-29 12:00:00.000000,0.0285349233390119,2.64,,SUDDEN_SPIKE_FREQ
380,2020-08-19 12:00:00.000000,0.0017817371937639,2.64,,SUDDEN_SPIKE_FREQ
145,2020-12-13 12:00:00.000000,0.0013157894736842,2.64,,SUDDEN_SPIKE_FREQ
39,2019-07-27 00:00:00.000000,0.0017064846416382,2.63,,SUDDEN_SPIKE_FREQ
448,2020-09-07 00:00:00.000000,0.0012505210504376,2.63,,SUDDEN_SPIKE_FREQ
392,2019-07-02 12:00:00.000000,0.0013458950201884,2.63,,SUDDEN_SPIKE_FREQ
2,2020-07-12 12:00:00.000000,0.0013537906137184,2.63,,SUDDEN_SPIKE_FREQ
132,2020-03-11 12:00:00.000000,0.0025862068965517,2.63,,SUDDEN_SPIKE_FREQ
244,2019-04-21 00:00:00.000000,0.0017551557700745,2.63,,SUDDEN_SPIKE_FREQ
189,2020-08-01 00:00:00.000000,0.0047230571060541,2.63,,SUDDEN_SPIKE_FREQ
93,2021-01-29 12:00:00.000000,0.0029812606473594,2.62,,SUDDEN_SPIKE_FREQ
439,2019-06-07 12:00:00.000000,0.0012642225031605,2.62,,SUDDEN_SPIKE_FREQ
499,2020-04-27 12:00:00.000000,0.005020920502092,2.62,,SUDDEN_SPIKE_FREQ
630,2019-01-14 23:59:59.999999,0.0088309503784693,2.62,,SUDDEN_SPIKE_FREQ
374,2020-11-23 12:00:00.000000,0.002147766323024,2.62,,SUDDEN_SPIKE_FREQ
201,2020-10-16 00:00:00.000000,0.0055154857870173,2.62,,SUDDEN_SPIKE_FREQ
97,2019-07-02 12:00:00.000000,0.0049349484073575,2.61,,SUDDEN_SPIKE_FREQ
102,2020-08-01 00:00:00.000000,0.0017174753112924,2.61,,SUDDEN_SPIKE_FREQ
356,2019-05-14 12:00:00.000000,0.0017551557700745,2.61,,SUDDEN_SPIKE_FREQ
463,2021-09-19 00:00:00.000000,0.0222707423580786,2.61,,SUDDEN_SPIKE_FREQ
427,2019-02-09 00:00:00.000000,0.0017881090746535,2.61,,SUDDEN_SPIKE_FREQ
610,2019-08-20 00:00:00.000000,0.0017865118356409,2.61,,SUDDEN_SPIKE_FREQ
371,2020-03-11 12:00:00.000000,0.0021551724137931,2.61,,SUDDEN_SPIKE_FREQ
48,2019-07-27 00:00:00.000000,0.0017064846416382,2.6,,SUDDEN_SPIKE_FREQ
473,2019-06-07 12:00:00.000000,0.0025284450063211,2.6,,SUDDEN_SPIKE_FREQ
395,2020-09-26 12:00:00.000000,0.0045454545454545,2.6,,SUDDEN_SPIKE_FREQ
520,2019-03-28 00:00:00.000000,0.0029774564015312,2.6,,SUDDEN_SPIKE_FREQ
388,2020-12-13 12:00:00.000000,0.0061403508771929,2.6,,SUDDEN_SPIKE_FREQ
374,2019-07-27 00:00:00.000000,0.0021331058020477,2.6,,SUDDEN_SPIKE_FREQ
603,2019-09-13 00:00:00.000000,0.0056301429190125,2.59,,SUDDEN_SPIKE_FREQ
2,2019-08-20 00:00:00.000000,0.0013398838767306,2.59,,SUDDEN_SPIKE_FREQ
20,2019-10-08 00:00:00.000000,0.0046121593291404,2.59,,SUDDEN_SPIKE_FREQ
374,2020-06-05 12:00:00.000000,0.0021285653469561,2.59,,SUDDEN_SPIKE_FREQ
221,2020-02-16 12:00:00.000000,0.0022291573785109,2.59,,SUDDEN_SPIKE_FREQ
515,2020-09-07 00:00:00.000000,0.0016673614005835,2.59,,SUDDEN_SPIKE_FREQ
427,2020-05-17 12:00:00.000000,0.0017769880053309,2.59,,SUDDEN_SPIKE_FREQ
269,2021-01-29 12:00:00.000000,0.022572402044293,2.59,,SUDDEN_SPIKE_FREQ
263,2019-01-14 23:59:59.999999,0.0021026072329688,2.58,,SUDDEN_SPIKE_FREQ
93,2019-01-14 23:59:59.999999,0.0029436501261564,2.58,,SUDDEN_SPIKE_FREQ
621,2021-09-19 00:00:00.000000,0.0030567685589519,2.58,,SUDDEN_SPIKE_FREQ
177,2020-06-24 00:00:00.000000,0.0012744265080713,2.58,,SUDDEN_SPIKE_FREQ
64,2019-01-14 23:59:59.999999,0.0016820857863751,2.58,,SUDDEN_SPIKE_FREQ
450,2020-09-26 12:00:00.000000,0.0027272727272727,2.58,,SUDDEN_SPIKE_FREQ
177,2020-06-05 12:00:00.000000,0.0012771392081736,2.58,,SUDDEN_SPIKE_FREQ
86,2019-04-21 00:00:00.000000,0.0052654673102237,2.58,,SUDDEN_SPIKE_FREQ
496,2020-04-05 00:00:00.000000,0.0047972088966419,2.58,,SUDDEN_SPIKE_FREQ
418,2021-11-26 00:00:00.000000,0.0026052974381241,2.57,,SUDDEN_SPIKE_FREQ
307,2019-07-02 12:00:00.000000,0.0013458950201884,2.57,,SUDDEN_SPIKE_FREQ
8,2019-08-20 00:00:00.000000,0.0022331397945511,2.57,,SUDDEN_SPIKE_FREQ
250,2020-01-22 00:00:00.000000,0.0064655172413793,2.57,,SUDDEN_SPIKE_FREQ
72,2020-09-26 12:00:00.000000,0.0018181818181818,2.56,,SUDDEN_SPIKE_FREQ
632,2019-08-20 00:00:00.000000,0.0035730236712818,2.56,,SUDDEN_SPIKE_FREQ
284,2020-07-12 12:00:00.000000,0.0013537906137184,2.56,,SUDDEN_SPIKE_FREQ
450,2020-07-12 12:00:00.000000,0.0027075812274368,2.56,,SUDDEN_SPIKE_FREQ
494,2020-04-05 00:00:00.000000,0.0039249890972525,2.56,,SUDDEN_SPIKE_FREQ
304,2021-01-06 00:00:00.000000,0.0040142729705619,2.55,,SUDDEN_SPIKE_FREQ
28,2019-07-02 12:00:00.000000,0.0017945266935845,2.55,,SUDDEN_SPIKE_FREQ
194,2019-07-02 12:00:00.000000,0.0022431583669807,2.55,,SUDDEN_SPIKE_FREQ
324,2020-09-07 00:00:00.000000,0.0016673614005835,2.55,,SUDDEN_SPIKE_FREQ
347,2021-03-11 12:00:00.000000,0.0017513134851138,2.55,,SUDDEN_SPIKE_FREQ
91,2019-12-23 00:00:00.000000,0.0016949152542372,2.55,,SUDDEN_SPIKE_FREQ
209,2019-07-02 12:00:00.000000,0.0013458950201884,2.54,,SUDDEN_SPIKE_FREQ
51,2021-04-30 12:00:00.000000,0.0030607783121993,2.54,,SUDDEN_SPIKE_FREQ
252,2019-07-02 12:00:00.000000,0.0022431583669807,2.54,,SUDDEN_SPIKE_FREQ
168,2020-06-05 12:00:00.000000,0.0017028522775649,2.54,,SUDDEN_SPIKE_FREQ
28,2019-08-20 00:00:00.000000,0.0017865118356409,2.54,,SUDDEN_SPIKE_FREQ
327,2021-01-06 00:00:00.000000,0.0017841213202497,2.54,,SUDDEN_SPIKE_FREQ
491,2020-03-11 12:00:00.000000,0.0021551724137931,2.54,,SUDDEN_SPIKE_FREQ
118,2019-11-25 00:00:00.000000,0.0026749888542131,2.54,,SUDDEN_SPIKE_FREQ
36,2019-03-28 00:00:00.000000,0.0046788600595491,2.53,,SUDDEN_SPIKE_FREQ
249,2019-07-02 12:00:00.000000,0.0026917900403768,2.53,,SUDDEN_SPIKE_FREQ
386,2020-05-17 12:00:00.000000,0.0031097290093291,2.53,,SUDDEN_SPIKE_FREQ
326,2021-01-06 00:00:00.000000,0.0031222123104371,2.53,,SUDDEN_SPIKE_FREQ
174,2021-03-11 12:00:00.000000,0.0035026269702276,2.52,,SUDDEN_SPIKE_FREQ
311,2019-08-20 00:00:00.000000,0.0080393032603841,2.52,,SUDDEN_SPIKE_FREQ
454,2020-06-24 00:00:00.000000,0.0021240441801189,2.52,,SUDDEN_SPIKE_FREQ
347,2021-11-26 00:00:00.000000,0.0017368649587494,2.52,,SUDDEN_SPIKE_FREQ
316,2020-12-13 12:00:00.000000,0.0030701754385964,2.52,,SUDDEN_SPIKE_FREQ
110,2021-04-30 12:00:00.000000,0.0017490161783996,2.52,,SUDDEN_SPIKE_FREQ
529,2019-04-21 00:00:00.000000,0.0017551557700745,2.52,,SUDDEN_SPIKE_FREQ
182,2019-02-09 00:00:00.000000,0.005811354492624,2.51,,SUDDEN_SPIKE_FREQ
318,2021-01-06 00:00:00.000000,0.0040142729705619,2.51,,SUDDEN_SPIKE_FREQ
598,2020-03-11 12:00:00.000000,0.0017241379310344,2.51,,SUDDEN_SPIKE_FREQ
306,2021-04-30 12:00:00.000000,0.004809794490599,2.51,,SUDDEN_SPIKE_FREQ
216,2019-11-25 00:00:00.000000,0.016941596076683,2.51,,SUDDEN_SPIKE_FREQ
8,2019-11-01 12:00:00.000000,0.0021929824561403,2.51,,SUDDEN_SPIKE_FREQ
309,2021-09-19 00:00:00.000000,0.0034934497816593,2.5,,SUDDEN_SPIKE_FREQ
58,2020-09-07 00:00:00.000000,0.0016673614005835,2.5,,SUDDEN_SPIKE_FREQ
241,2020-12-13 12:00:00.000000,0.0017543859649122,2.5,,SUDDEN_SPIKE_FREQ
