topic_id,spike_date,velocity,velocity_z,keywords
61,2021-11-26,0.0282240555796786,6.162136069899109,"omicron, variant, covid, says, nsw"
79,2021-11-26,0.006925502954525416,5.95306799800523,"cleo, smith, police, audio, finding"
254,2021-09-19,0.0148471615720524,5.706029265870452,"september, october"
247,2020-03-11,0.0125,5.63640459756576,"coronavirus, afl, season, nrl, league"
203,2020-08-01,0.0103048518677544,5.200760376964106,"beirut, explosion, blast, massive, lebanese"
246,2020-03-11,0.0043103448275862,5.153106767659021,"sport, outbreak, events, amid, italian"
233,2020-03-11,0.008171215194541838,5.148750847545999,"scott, economic, recession, stimulus, addresses"
38,2020-09-26,0.0068181818181818,5.1024769461802935,"azerbaijan, armenia, karabakh, nagorno, fighting"
586,2021-07-13,0.01086725910018643,5.09749690400542,"nsw, new, records, local, recorded"
443,2020-03-11,0.0077586206896551,5.087620429457128,"coronavirus, package, government, economic, federal"
231,2020-06-05,0.0263942103022562,5.060957435043329,"matter, lives, protest, protests, rally"
181,2020-01-22,0.0064655172413793,5.04785308991021,"grants, sports, morrison, bridget, mckenzie"
237,2019-04-21,0.004399456140508013,5.030660303548447,"noor, mohamed, justine, damond, ruszczyk"
193,2020-09-26,0.0104545454545454,5.028922800485429,"ruth, bader, ginsburg, court, supreme"
160,2019-04-21,0.0043878894251864,4.969174081070183,"palmer, clive, federal, election, deal"
225,2019-12-23,0.0042372881355932,4.964454574187481,"soleimani, iran, qassem, killing, trump"
516,2020-12-13,0.009215610946645239,4.963614617474897,"coronavirus, covid, sydney, nsw, australia"
26,2019-08-20,0.004037935759853172,4.932689432095099,"stories, abc, news"
485,2019-03-04,0.0081092616303883,4.904916192140556,"max, boeing, ethiopian, airlines, flight"
87,2021-11-26,0.0060790273556231,4.90084536380901,"william, tyrrell, police, search, parents"
418,2021-07-13,0.013009298374663258,4.886735327010994,"new, records, cases, nsw, queensland"
217,2019-10-08,0.0134171907756813,4.863846563606694,"syria, turkey, president, turkish, trump"
372,2020-03-11,0.018465394417662054,4.84578998539798,"coronavirus, schools, school, open, queensland"
242,2021-03-11,0.004826320517590336,4.796791632512776,"vaccine, italy, rollout, australia, doses"
228,2020-01-22,0.0047413793103448,4.7815988805153316,"sports, grants, sport, know, government"
245,2020-01-22,0.0068965517241379,4.765916136383622,"kobe, bryant, lakers, lebron, los"
311,2021-11-26,0.0043421623968736,4.736292912337954,"solomon, islands, australia, confidence, accused"
208,2021-04-30,0.0179274158285964,4.735407626825744,"israel, gaza, israeli, hamas, palestinian"
593,2020-03-11,0.018734025131242664,4.730601238658177,"coronavirus, confirmed, cases, google, case"
51,2019-03-28,0.0042535091450446,4.724145309761687,"mix, episode"
387,2019-11-01,0.0043859649122807,4.717005001546991,"police, shooting, community, members, teen"
377,2019-04-21,0.0039491004826678,4.704081353556054,"geoffrey, rush, defamation, case, daily"
570,2021-02-18,0.0095114569822741,4.700969836318769,"higgins, rape, alleged, police, parliament"
222,2019-03-28,0.005942946409048366,4.692964331075181,"mueller, report, trump, donald, robert"
74,2019-06-07,0.0037926675094816,4.672630641923967,"towers, residents, cracks, building, evacuation"
43,2021-03-11,0.0048195178363029225,4.662588636560304,"mark, premier, border, election, evacuated"
480,2019-06-07,0.0063211125158027,4.649231702332256,"shooting, police, gunman, know, people"
461,2019-07-27,0.0093856655290102,4.631974142836304,"fowler, murder, lucas, canada, suspects"
375,2021-03-11,0.0126970227670753,4.603293845294817,"christian, porter, rape, allegation, historical"
114,2019-05-14,0.0153576129881526,4.600605618493259,"hawke, bob, death, dalpuget, election"
232,2021-01-29,0.014879530563000813,4.5952379371470125,"collingwood, eddie, mcguire, racism, report"
81,2021-02-18,0.0034587116299178,4.59412528953398,"dead, coast, south, nsw, fraud"
126,2020-02-16,0.0053499777084262,4.565792887391484,"train, derailment, wallan, melbourne, driver"
320,2019-06-07,0.006300966280006851,4.558055558492848,"everest, mount, himalayas, climbers, bodies"
547,2019-02-09,0.0151989271345552,4.5580543389446735,"townsville, flood, floods, flooding, floodwaters"
131,2021-01-29,0.0051107325383304,4.542630017777454,"kyi, myanmar, coup, detained, leader"
191,2020-06-05,0.0404427415921668,4.542171740178854,"floyd, george, protests, death, police"
196,2019-04-21,0.0153576129881526,4.5405979792748825,"sri, lanka, bombings, lankan, victims"
6,2019-08-20,0.0017865118356409,4.537274343803999,"stories, abc, news"
355,2019-05-14,0.008333333333333312,4.534148002237521,"china, trump, trade, wall, street"
99,2019-12-23,0.022457627118644,4.518831923616404,"island, white, volcano, new, zealand"
583,2020-01-22,0.013796023241554538,4.513462759096286,"coronavirus, china, wuhan, chinese, toll"
135,2019-04-21,0.0153576129881526,4.508285864396239,"dame, notre, cathedral, flames, paris"
60,2020-02-16,0.0093624609897458,4.495421929015005,"motors, general, australia, brand, ford"
439,2020-03-11,0.006017003196262906,4.482316932190999,"panic, buying, shopping, supermarket, shortage"
585,2021-07-13,0.00433718096533334,4.446925485381505,"queensland, covid, records, new, cases"
469,2019-02-09,0.008115769736460405,4.438580557749751,"royal, commission, banking, report, banks"
101,2020-11-23,0.010303730955793941,4.423075706567617,"maradona, diego, argentina, maradonas, obituary"
587,2021-09-19,0.006985570533510592,4.409961122627999,"deaths, cases, records, new, recorded"
390,2021-03-11,0.0074430823117338,4.3974284898758125,"march, justice, womens, brittany, higgins"
588,2021-02-18,0.004755728491137,4.3906887893850675,"allegation, rape, cabinet, minister, new"
137,2019-08-20,0.0053772482575319604,4.37329091525318,"amazon, fires, brazilian, bolsonaro, brazil"
452,2019-11-25,0.006696068360305295,4.352478360949419,"westpac, ceo, laundering, money, board"
132,2021-01-29,0.0093696763202725,4.349913654199962,"myanmar, coup, military, myanmars, australia"
476,2019-06-07,0.0021070375052675,4.333213722593546,"cut, rate, federal, reserve, rises"
229,2020-06-24,0.0046728971962616,4.327493222940872,"china, india, dispute, kashmir, ladakh"
211,2021-01-06,0.0231935771632471,4.318415143739191,"capitol, trump, washington, riots, donald"
90,2020-07-12,0.0058664259927797,4.289810229564612,"letters, palace, whitlam, queen, kerr"
107,2020-04-27,0.004602510460251,4.270298266710436,"fuel, prices, price, petrol, dramatically"
288,2020-08-19,0.012493562604921082,4.268569621885681,"new, zealand, coronavirus, cases, covid"
212,2019-10-08,0.008350909468615617,4.253004368944023,"rebellion, extinction, protesters, protester, brisbane"
46,2020-10-16,0.0076368264743317,4.23391196334152,"gladys, berejiklian, icac, daryl, nsw"
91,2021-04-30,0.014859557253968076,4.228718247710803,"prince, philip, death, edinburgh, duke"
265,2021-02-18,0.004755728491137,4.215482128709264,"brisbane, olympics, host, bid, games"
216,2019-11-01,0.006595491242775862,4.21298182880251,"baghdadi, abu, bakr, state, islamic"
535,2019-03-28,0.0199019739754686,4.176661462903563,"cyclone, trevor, veronica, aftermath, pilbara"
486,2021-04-30,0.0087450808919982,4.168600822303533,"india, covid, records, daily, deaths"
295,2020-05-17,0.0039982230119946,4.16319989583045,"death, carer, investigating, ndis, government"
548,2020-04-05,0.005693022447582158,4.153725599796253,"coronavirus, tasmania, cases, new, north"
223,2021-01-06,0.013384037196036808,4.153382227402397,"trump, impeachment, donald, live, updates"
100,2021-09-19,0.0048034934497816,4.146479284296983,"volcano, palma, canary, lava, spanish"
69,2019-09-13,0.0030018539100340304,4.135507343630784,"greta, thunberg, climate, change, summit"
40,2019-02-09,0.005811354492624,4.133577653610321,"wednesday, tuesday, friday, thursday, monday"
84,2019-04-21,0.006613708780588033,4.132398460648542,"election, federal, scott, debate, leaders"
595,2020-07-12,0.005463430031933275,4.1199623970304975,"australia, news, live, covid, victoria"
553,2020-08-01,0.008809783431305718,4.118790448714027,"coronavirus, care, aged, victoria, basils"
198,2019-02-09,0.008115769736460405,4.091731702882882,"asylum, medical, evacuation, nauru, manus"
492,2020-06-05,0.0025542784163473,4.084672173999328,"statue, vandalised, captain, remove, push"
207,2020-11-23,0.011989850143479648,4.084116551558847,"war, crimes, report, afghanistan, brereton"
57,2021-07-13,0.0060747885448581155,4.077588472787818,"covid, analyst, todays, breaks, figures"
319,2019-07-02,0.0035890533871691,4.077207740189549,"mobile, phone, ban, phones, schools"
291,2019-02-09,0.0044702726866338,4.072977374936679,"mokbel, prison, stabbed, hospital, barwon"
215,2019-10-08,0.0037735849056603,4.067795394025052,"australian, plead, hawl, help, captives"
398,2019-04-21,0.0057042562527424,4.0650425910488455,"live, april, blog, hobart"
621,2020-11-04,0.0043066322136089,4.064005781567655,"rape, hears, alleged, victim, details"
600,2020-08-01,0.0017174753112924,4.062016109993028,"new, news, deaths"
250,2019-05-14,0.0048266783677051,4.0615960365014585,"paul, election, dutton, heart, alexander"
153,2020-11-23,0.0042955326460481,4.0606456451974315,"iran, swap, prison, released, australia"
16,2019-09-13,0.003867256717549219,4.055648127169646,"stories, abc, news"
546,2021-07-13,0.02828330407228192,4.039621187112675,"lockdown, extended, sydney, victoria, nsw"
156,2020-08-19,0.00541391610033144,4.03780148532616,"belarus, lukashenko, protests, election, alexander"
550,2021-07-13,0.003902779070452095,4.032741041225852,"restrictions, sydney, tougher, nsw, greater"
86,2020-10-16,0.0020901133187232893,4.031654361604959,"wrap, crown"
402,2019-03-28,0.002972014812006594,4.030717617379598,"gun, laws, political, nation, nsw"
252,2020-02-16,0.0044583147570218,4.030263048249538,"kevins, college, principal, acting, bendigo"
30,2019-06-07,0.0033712600084281,4.022513935759395,"wednesday, tuesday, monday"
412,2021-07-13,0.0034721727360329403,4.006673074966021,"cases, records, new, recorded, local"
345,2019-11-25,0.0040124832813196,4.004258466079107,"casey, hears, developer, corruption, councillor"
359,2019-09-13,0.002583833446761109,4.003359988397747,"kong, hong, quit, extradition, withdrawal"
10,2019-08-20,0.0018057482637219235,3.987064727650286,"stories, abc, news"
178,2019-07-27,0.0063993174061433,3.982477497073976,"jack, test, doping, swimming, ligandrol"
313,2019-10-08,0.004161665972692846,3.9758041923139213,"whistleblower, complaint, trump, donald, says"
66,2019-05-14,0.011842105263157885,3.973573699248825,"eurovision, performs, miller, kate, heidke"
139,2019-12-23,0.08467108050847459,3.969225118376671,"bushfire, bushfires, nsw, fires, victoria"
395,2020-03-11,0.0068786879955744385,3.961654786743218,"live, updates, news, latest, covid"
371,2021-07-13,0.0039147455415398,3.952272686195652,"miami, building, collapsed, collapse, partially"
413,2020-04-27,0.0033281290468495073,3.9457742192496763,"australia, voluntary, administration, set, hands"
270,2020-01-22,0.0030172413793103,3.923276077029441,"gutwein, peter, premier, cabinet, analysis"
356,2019-06-07,0.005859799701190588,3.921559150382738,"square, massacre, anniversary, china, remembering"
374,2019-03-28,0.0033970029538761227,3.913442046086799,"pauline, edited, arthur, says, port"
145,2019-06-07,0.007985856972815494,3.9114846483170074,"afp, abc, raids, raid, federal"
504,2021-11-26,0.0034737299174989,3.9094710566007826,"west, sharon, saya, sakakibara, ryley"
354,2021-11-26,0.0026052974381241,3.906860508321678,"parliament, final, sitting, day, turbulent"
234,2020-05-17,0.0027148840574757367,3.9058118086754114,"coronavirus, trump, donald, covid, trial"
93,2019-11-25,0.0049193783199358585,3.905414828224973,"measles, samoa, crisis, deadly, outbreak"
581,2020-03-11,0.005947240458951948,3.9043084437223583,"coronavirus, italy, lockdown, death, toll"
428,2021-07-13,0.004328841661941217,3.901029590484207,"variant, strain, restrictions, infectious, strains"
177,2019-07-27,0.0063993174061433,3.8936384109519464,"sun, yang, mack, horton, swimmer"
29,2019-09-13,0.0043308791684712,3.893177196450136,"wednesday, tuesday, thursday, monday"
321,2019-11-25,0.0026749888542131,3.8786117418168273,"whytes, public, corruption, whyte, police"
601,2020-04-05,0.0017487612393187423,3.872985487458935,"australia, restrictions, travel, south, lifted"
529,2019-09-13,0.0030316154179298,3.863592956309933,"pools, pool, australias, abc, photo"
426,2020-04-05,0.005258597815855264,3.8489809209684727,"coronavirus, rent, landlords, renters, queensland"
188,2021-02-18,0.02200828582546898,3.8460611530745963,"facebook, news, ban, media, code"
444,2020-06-24,0.006368517146007703,3.837599824531019,"university, fees, fee, humanities, arts"
45,2021-03-11,0.0043782837127845,3.826483500200493,"sydney, covid, street, oxford, scg"
622,2020-11-23,0.0038659793814432,3.817139984784654,"trial, rape, hears, continues, sexual"
565,2019-03-04,0.01917734914374277,3.8106856121258272,"pell, george, court, guilty, cardinal"
425,2020-03-11,0.0030172413793103,3.800635421383487,"workers, home, work, employees, casual"
608,2021-07-13,0.003479773814702,3.7944870238512376,"sydney, south, officers, west, operation"
431,2020-04-27,0.019639007343150973,3.792096121195341,"anzac, day, coronavirus, veterans, dawn"
42,2020-11-23,0.0030068728522336,3.7889669503730636,"covid, test, nsw, restrictions, working"
459,2019-08-20,0.002252185762948153,3.7855200983783455,"congestion, traffic, queensland, cities, clogging"
285,2020-11-23,0.0042866644496176035,3.773186380212104,"wine, china, australian, trade, tariff"
475,2019-04-21,0.0043878894251864,3.7712776623669075,"avengers, endgame, marvel, universe, cinematic"
576,2020-04-27,0.0037077398568367225,3.753361579573691,"eased, state, changing, relaxes, live"
584,2021-09-19,0.007415999514798701,3.747562861931757,"cases, records, new, locally, acquired"
127,2020-10-16,0.0042426813746287,3.732996384794468,"ardern, jacinda, election, new, zealand"
594,2020-03-11,0.0017085791997050416,3.7195951913325143,"australia, human, steps, stay, safe"
88,2021-02-18,0.011250730513249173,3.715831483258587,"crown, casino, government, calls, trump"
72,2019-10-08,0.0037273399926008705,3.7124854840184285,"palfreeman, jock, bulgarian, detention, released"
579,2020-07-12,0.007383443654940283,3.708440368612897,"lockdown, melbourne, victoria, cases, public"
305,2021-01-06,0.0053574480416706885,3.706180089364932,"sulawesi, indonesia, earthquake, landslide, bodies"
165,2021-02-18,0.0051880674448767,3.7032877756367926,"car, crash, angeles, los, accident"
28,2020-01-22,0.006043972086776268,3.7026855489444914,"monday, thursday, wednesday, tuesday, friday"
393,2019-09-13,0.005566038956287055,3.6962791288894965,"hurricane, bahamas, donald, trump, people"
96,2021-04-30,0.0043725404459991,3.6898190955998267,"covid, vaccine, rollout, vaccinated, latest"
292,2021-09-19,0.002185682470910028,3.689806284792991,"french, ambassador, australia, france, minister"
98,2019-02-09,0.004666619953003975,3.6888497896643067,"araibi, hakeem, australia, alaraibi, thai"
257,2020-11-04,0.02958035408156142,3.683721336997228,"biden, joe, trump, election, donald"
50,2019-11-01,0.0030701754385964,3.678102504156509,"morning, briefing, friday, news, nov"
509,2020-09-26,0.005944318181818212,3.663636344202064,"emmys, awards, schitts, know, creek"
256,2020-11-04,0.009488806583552105,3.6599967767102655,"donald, trump, election, trumps, presidency"
76,2019-03-28,0.005093332434040656,3.6591149074549203,"fraser, anning, egged, teen, egg"
323,2021-02-18,0.0039006172328466867,3.65825574867085,"kelly, party, liberal, quits, government"
278,2020-05-17,0.0031097290093291,3.653881913812172,"premier, qld, queensland, announces, deputy"
227,2019-11-01,0.00487635546151806,3.628333129540932,"climb, closed, closure, permanently, traditional"
599,2020-11-04,0.0038854622044187975,3.6145586137960506,"records, new, deaths, zero, melbourne"
83,2020-11-23,0.0025773195876288,3.611192031919083,"china, scott, morrison, australia, tweet"
408,2019-12-23,0.008820200129797633,3.6091630749970975,"christmas, shopping, westfield, crush, season"
192,2021-11-26,0.0026052974381241,3.6091082301121022,"migrants, cross, english, coast, worst"
566,2021-07-13,0.008217459329195891,3.6079714649528003,"covid, nsw, outbreak, sydney, regional"
462,2019-10-08,0.0033542976939203,3.5998490845608555,"nobel, prize, awarded, prizes, economics"
473,2020-09-26,0.004090909090909,3.5971390381249275,"mortgage, loan, lending, responsible, deferrals"
625,2019-06-07,0.0021070375052675,3.589690141471967,"capsized, capsize, tourist, kills, seven"
333,2020-02-16,0.003147700780646671,3.5728237671280287,"harvey, weinstein, weinsteins, metoo, verdict"
71,2019-04-21,0.007041508911816436,3.5726820460269333,"julian, assange, wikileaks, embassy, arrested"
152,2020-03-11,0.0021551724137931,3.5664639729821586,"covid, coronavirus, hand, handwashing, sanitiser"
568,2019-11-25,0.0057958091841284,3.563216785683296,"claremont, serial, trial, killings, killer"
534,2020-12-13,0.0052631578947368,3.5631982041239185,"cyclone, fiji, yasa, tropical, shelter"
11,2019-02-09,0.0017881090746535,3.5585269709480634,"wednesday, finance, alan, kohler"
37,2019-03-28,0.0046788600595491,3.5577548327889854,"march, wednesday, tuesday, monday, friday"
430,2020-04-05,0.01134016928260763,3.554341228960291,"coronavirus, jobkeeper, unemployment, wage, centrelink"
487,2020-05-17,0.0039982230119946,3.5404020012879887,"china, trade, tariffs, australia, tariff"
363,2020-06-05,0.0042571306939123,3.5379130154090217,"news, digital, corp, newspapers, papers"
605,2020-03-11,0.0073275862068965,3.537430678766896,"cases, rise, infections, rises, confirms"
263,2020-11-04,0.004311198193479219,3.5263188669258865,"nsw, maroons, queensland, blues, qld"
525,2019-02-09,0.004990521557472283,3.5204548594162937,"basin, royal, commission, plan, water"
271,2020-09-07,0.004137966361020907,3.5195519597768725,"afl, gabba, brisbane, know, need"
341,2019-03-04,0.003392685301834587,3.506587134925112,"mothers, babies, women, guilt, feminist"
275,2021-09-19,0.0034934497816593,3.5064214968875214,"nuclear, australia, submarine, submarines, deal"
118,2020-01-22,0.0021551724137931,3.5001574775737376,"australians, need, quiet, make, says"
442,2020-03-11,0.004623371647509599,3.497040992338838,"economic, economy, australia, impact, cost"
134,2021-01-29,0.0068143100511073,3.496744412783992,"zealand, new, travel, bubble, australia"
78,2020-07-12,0.013232476601574611,3.48601847998083,"coronavirus, masks, face, mask, wear"
173,2019-02-09,0.0022351363433169,3.4769929562510886,"break, bombing, annually, defence, numbers"
281,2020-04-05,0.008739208710084876,3.460409539002988,"coronavirus, cruise, ship, artania, navy"
403,2019-03-28,0.013925642599164676,3.4590069612073546,"christchurch, shooting, victims, attack, zealand"
195,2020-11-23,0.003852134733894823,3.4451487559681913,"tigray, ethiopia, conflict, ethiopian, eritrea"
33,2020-11-23,0.0017182130584192,3.4438155559479027,"markets, eleanor, creagh, wednesday, thursday"
95,2021-04-30,0.0021862702229995,3.4259079212439225,"swan, norman, victorias, discusses, supply"
194,2019-04-21,0.0026327336551118,3.4236034247572973,"bashir, omar, sudan, protests, years"
559,2020-01-22,0.005613302578177498,3.4224090824326514,"rain, queensland, west, central, storm"
322,2021-07-13,0.0051968873332134125,3.417453885743464,"barnaby, joyce, leader, nationals, speaks"
602,2020-03-11,0.002107962047471355,3.4169007716376094,"tourism, tourists, north, hits, industry"
545,2020-12-13,0.003954712887844352,3.413894048330459,"covid, indonesia, indonesian, coronavirus, hospitals"
200,2019-04-21,0.0035103115401491,3.411123870980991,"venezuela, military, cares, crisis, calls"
235,2020-08-19,0.0022271714922048,3.4045256252066816,"covid, scott, coronavirus, pacific, mandatory"
591,2020-04-05,0.0034888791975577,3.4040753342765084,"coronavirus, death, toll, york, new"
185,2019-06-07,0.0025284450063211,3.3970736994623,"kerr, win, matildas, brazil, scored"
330,2019-07-02,0.008996066630307411,3.3951777561896703,"care, aged, commission, royal, home"
524,2020-06-24,0.0016992353440951,3.3927489610878507,"scientists, smallest, crop, picking, growers"
419,2021-03-11,0.0039442395106614615,3.389915348288995,"flights, cheap, tourism, government, discount"
346,2020-12-13,0.0035087719298245,3.3752321044211895,"springs, police, officer, home, break"
159,2019-10-08,0.002859814201768831,3.373908814750101,"latest, headlines, abc, news"
59,2020-10-16,0.0028751243868285438,3.3698174743396216,"bathurst, supercars, race, gisbergen, final"
175,2019-12-23,0.00251914710414215,3.3688330414991037,"friday, wednesday, tuesday, thursday, monday"
105,2020-04-05,0.0095944177932839,3.3622724479763098,"princess, ruby, coronavirus, nsw, cruise"
381,2021-09-19,0.0034934497816593,3.35594372777205,"taiwan, minister, china, foreign, abbott"
174,2020-04-05,0.0021805494984736,3.343650789046038,"racism, african, discrimination, allege, china"
505,2020-06-05,0.0068114091102596,3.3427540983641397,"queens, honours, birthday, victoria, recipients"
289,2019-08-20,0.004037935759853172,3.3421199826933536,"antarctica, ice, iceland, glacier, arctic"
141,2019-10-08,0.006675212070246468,3.3420526351773625,"racing, horse, industry, racehorses, slaughter"
455,2020-09-26,0.01095164570309552,3.3416310507826337,"donald, trump, coronavirus, covid, election"
575,2020-04-05,0.00306403343646907,3.34076522092899,"childcare, free, government, care, covid"
577,2021-01-29,0.0025341000318233942,3.3392984769811496,"lift, premier, rules, regional, allowed"
146,2020-06-05,0.002920497423246068,3.3379933005559175,"gyms, coronavirus, nsw, restrictions, lifted"
123,2020-02-16,0.0022291573785109,3.334852613851337,"renewable, energy, renewables, scale, lack"
389,2020-02-16,0.0062537420742938025,3.329042262753793,"violence, hannah, domestic, clarke, murder"
497,2020-12-13,0.0021929824561403,3.328361214950106,"rock, western, china, prices, trade"
140,2019-09-13,0.0021654395842356,3.319182423383634,"boat, water, coast, california, extinguishing"
169,2020-01-22,0.010781336681362946,3.3137940661008995,"open, australian, federer, nadal, djokovic"
479,2020-11-23,0.004292574035530029,3.3126653177082193,"coronavirus, south, australia, locations, outbreak"
314,2021-04-30,0.0017490161783996,3.3086185515165525,"australia, racism, allegations, widespread, neighbours"
62,2019-08-20,0.0026797677534613,3.306203798808207,"smoking, vaping, anti, urges, think"
163,2020-11-23,0.0030068728522336,3.3048990237722036,"leader, harvey, liza, kirkup, zak"
154,2020-09-07,0.007887859181456208,3.287391915060925,"france, tour, wins, stage, roglic"
370,2019-08-20,0.0022331397945511,3.2854387014331734,"inquest, police, coronial, placed, cell"
143,2019-06-07,0.0029498525073746,3.2852303369807467,"suspects, men, attack, disaster, charged"
410,2021-03-11,0.0021936828593787394,3.2833973653639954,"adelaide, covid, coronavirus, strong, result"
574,2020-07-12,0.0018050541516245,3.2767218075681273,"coronavirus, mental, health, covid, anxiety"
558,2020-08-01,0.0038406915762561923,3.267291936366463,"snow, falls, ranges, flinders, south"
495,2020-11-23,0.0017182130584192,3.2648442845677272,"fly, lifetime, holds, collection, bicycle"
49,2019-06-07,0.0033712600084281,3.2617389204018092,"tuesday, wednesday"
411,2021-11-26,0.0017368649587494,3.2607626688388813,"australia, clinics, sydney, stretches, south"
243,2021-03-11,0.0052539404553415,3.255740182971611,"astrazeneca, blood, clots, rollout, concerns"
267,2019-12-23,0.0033898305084745,3.2541998962871292,"australia, pitch, zealand, new, scrutiny"
500,2020-02-16,0.008504192216891736,3.2514891093683675,"interview, extended, speaks, business, paul"
572,2020-09-07,0.005649103385851017,3.250292629896213,"coronavirus, restrictions, victoria, roadmap, melbourne"
514,2019-12-23,0.0029661016949152,3.2465899476998903,"dance, acosia, elk, red, mens"
435,2020-05-17,0.004609827143992117,3.24523420241407,"coronavirus, restrictions, restaurants, restaurant, pubs"
460,2019-03-04,0.0021340162185232,3.2441413561739454,"light, canberra, vehicle, uber, driver"
248,2020-01-22,0.0030172413793103,3.2436323735981913,"sanders, bernie, warren, elizabeth, accuses"
220,2019-10-08,0.002889853684722172,3.2381449572482093,"trump, donald, ukraine, president, transcript"
224,2019-06-07,0.0021070375052675,3.23164796053777,"gulf, tankers, oman, attacks, iran"
147,2019-05-14,0.0026327336551118,3.226953538566955,"ramadan, explained, fasting, ostrich, china"
111,2019-03-04,0.0034144259496372,3.2239635620206277,"students, strike, schools, protest, sydney"
189,2021-11-26,0.0021710811984368,3.2232952960405887,"discrimination, prevent, mean, does, contentious"
214,2019-02-09,0.0017881090746535,3.222702598143426,"state, shamima, begum, islamic, teen"
513,2020-11-23,0.0025773195876288,3.2226748137537324,"elephant, india, worlds, loneliest, cambodia"
34,2019-10-08,0.0054507337526205,3.2209201078559877,"wednesday, tuesday, monday, thursday, friday"
530,2020-12-13,0.0035163047162775772,3.2203019375844586,"bribie, island, erosion, storm, beach"
136,2019-12-23,0.00334264467177537,3.2158033704476208,"years, eve, new, sydney, adelaide"
56,2019-12-23,0.0029426870902444268,3.211700751885838,"nols, cns, pmdefends, newrfs, newpm"
423,2020-11-23,0.0025773195876288,3.206534738082596,"crew, singapore, flying, boat, celebrates"
260,2019-06-07,0.001685630004214,3.205644306738075,"milicic, matildas, coach, problem, solve"
563,2019-09-13,0.004732659525064307,3.1979247189959854,"prison, escape, youth, detention, report"
89,2019-08-20,0.0080393032603841,3.197829158458247,"jeffrey, epstein, death, jail, epsteins"
293,2021-11-26,0.0021710811984368,3.1912136191545932,"rejects, told, tudge, alan, aside"
604,2020-03-11,0.0038793103448275,3.1856287911078414,"queensland, cases, covid, queenslander, infects"
201,2019-03-04,0.004223808072357212,3.1742190054966315,"pakistan, indian, kashmir, pilot, india"
604,2020-08-01,0.0038643194504079,3.1733161529842575,"queensland, case, new, logan, cases"
574,2020-04-05,0.0017444395987788,3.1666787295889307,"pandemic, anxiety, shuts, service, amid"
287,2020-10-16,0.006555490600644131,3.165777830251814,"andrews, coronavirus, daniel, victoria, covid"
463,2019-03-28,0.0025495649952166056,3.1616597095607197,"wage, minimum, living, growth, political"
347,2021-09-19,0.005670798765102551,3.1588482000596136,"health, hospital, says, demand, struggling"
512,2020-06-05,0.0021285653469561,3.1500193318459755,"zoo, lions, shoalhaven, euthanased, tiger"
523,2019-10-08,0.0020670442247313603,3.1467249139130997,"swine, african, pork, prices, producer"
539,2019-05-14,0.0035087719298245736,3.1461240406466424,"sex, taiwan, marriage, legalises, gay"
151,2020-11-04,0.0047372954349698,3.140446269080877,"philippines, goni, strongest, threatening, vamco"
23,2020-12-13,0.003954712887844352,3.1390178754667204,"monday, wednesday, thursday, friday, tuesday"
557,2020-11-04,0.006907932882176302,3.1367201644245633,"east, south, queensland, hail, storms"
422,2020-03-11,0.0025862068965517,3.134501053382851,"coronavirus, thirds, capacity, cent, stand"
596,2020-04-27,0.0020362865015380936,3.1168100585570655,"queensland, ease, eased, nsw, month"
613,2020-09-26,0.00803646934460891,3.1130505311588137,"whales, tasmania, west, stranded, coast"
9,2019-07-27,0.0017064846416382,3.1128872803103556,"stories, abc, news"
517,2020-06-05,0.0025542784163473,3.1121582434798576,"food, delicious, bush, benefits, plums"
519,2019-04-21,0.0017551557700745,3.111971437363566,"speed, road, high, new, killing"
106,2019-06-07,0.0020887395479850432,3.104413497855828,"chernobyl, nuclear, visiting, series, drives"
183,2019-09-13,0.0021654395842356,3.10398753962774,"nsw, swifts, netball, super, final"
122,2020-08-19,0.003578003574944779,3.0830930861216292,"power, renting, virtual, future, plants"
555,2020-03-11,0.0017241379310344,3.079593916156915,"amid, borders, close, border, set"
580,2021-03-11,0.0026269702276707,3.0769385465008403,"goreng, press, club, year, australian"
236,2021-11-26,0.0017272072927119481,3.076133475785798,"health, minister, wont, kids, says"
589,2021-03-11,0.00395179804542535,3.0738671172887373,"harassment, sexual, parliament, labor, accused"
400,2019-06-07,0.0033712600084281,3.0710718048001686,"briefing, morning, june, news, regional"
528,2020-03-11,0.0043103448275862,3.0694804406604725,"music, live, arts, event, choir"
471,2021-09-19,0.0026200873362445,3.0691612616497626,"rate, falls, people, news, time"
448,2021-04-30,0.004799092468528359,3.063591641780735,"frydenberg, josh, treasurer, andrew, budget"
437,2020-06-05,0.0025542784163473,3.06304707677662,"turtle, green, sea, turtles, gender"
405,2020-04-27,0.0024916737496032885,3.0615004989896835,"remdesivir, defends"
567,2019-11-25,0.0044688646692426955,3.055350053750085,"claremont, serial, bradley, killer, trial"
138,2019-07-27,0.002110148609559379,3.050814381606804,"combustible, reveal, removal, buildings, victorian"
230,2020-06-05,0.008000196337734852,3.0456330558535565,"protesters, protest, police, protests, sydney"
20,2019-02-09,0.0013410818059901,3.0386077720527727,"rural, news, regional, issues, making"
297,2021-04-30,0.0013117621337997,3.037619434427179,"june, july, april, august"
35,2019-02-09,0.0013410818059901,3.037119892269934,"planet, america, february"
68,2019-07-27,0.008003397685050005,3.033691805273767,"johnson, boris, minister, prime, says"
210,2020-08-19,0.0048997772828507,3.02578466845266,"harris, biden, joe, donald, trump"
166,2020-01-22,0.011642675698560586,3.024869694382837,"barty, ash, australian, open, tennis"
13,2019-02-09,0.0013410818059901,3.0143932918488403,"planet, america, extra"
572,2020-04-05,0.005236137257558336,3.012623191916791,"fines, police, restrictions, victoria, stage"
286,2019-06-07,0.006979930099399075,3.0059167842234977,"albanese, setka, labor, anthony, john"
204,2020-08-01,0.0021468441391155,3.0031672876023277,"beirut, blast, protesters, minister, prime"
65,2020-08-19,0.0017970310752553557,3.001780559147566,"south, cancelled, christmas, parade, australian"
348,2021-02-18,0.0017293558149589,3.001651306719677,"skin, check, national, rockhampton, day"
58,2020-09-07,0.005326025523683538,2.99988815887482,"koalas, koala, nsw, bushfire, nationals"
29,2020-09-07,0.0033347228011671,2.9975699545669428,"wednesday, thursday, monday, tuesday"
304,2019-12-23,0.0037897670624490814,2.9958535348908204,"nicola, commission, royal, informer, lawyer"
209,2021-01-06,0.0026886911570284627,2.995849995360703,"heat, win, big, bash, hurricanes"
388,2021-02-18,0.0030315261417824656,2.993813854885537,"frogs, cane, baby, booroolong, toad"
580,2021-01-29,0.0025553662691652,2.9919786510027215,"year, australian, tame, speech, tames"
206,2021-07-13,0.015604349869024804,2.9882966092089376,"taliban, afghanistan, afghan, kabul, control"
253,2021-07-13,0.0228554373114863,2.9866841220583056,"vaccine, vaccination, vaccinated, pfizer, says"
73,2021-01-29,0.0025553662691652,2.981424262248572,"abuse, leifer, sex, malka, child"
39,2020-04-05,0.0039249890972525,2.9776605740654363,"wednesday, tuesday, thursday, monday, friday"
472,2021-02-18,0.004773374979044748,2.9751534707228307,"jobkeeper, jobseeker, changes, week, ato"
626,2019-08-20,0.0017865118356409,2.960498183623388,"search, boat, police, fisherman, fishermen"
378,2021-02-18,0.0021616947686986,2.957843459118505,"implant, cochlear, dredge, zia, girl"
205,2019-09-13,0.0021654395842356,2.957313353231246,"netanyahu, election, benjamin, israel, tricks"
470,2020-03-11,0.002920646724214533,2.953497034906833,"market, stocks, share, stock, fears"
606,2019-11-25,0.0022291573785109,2.951835597900911,"court, assault, indecent, case, told"
451,2021-04-30,0.005238444935720585,2.951355189063765,"australians, concerned, majority, job, australias"
449,2019-07-02,0.0026917900403768,2.946251245717674,"delays, winds, flights, travellers, experience"
433,2020-03-11,0.0021551724137931,2.942656470828169,"business, small, businesses, hits, hit"
82,2020-01-22,0.0025862068965517,2.9406154140207956,"change, energy, rhetoric, alibi, nsw"
467,2019-03-28,0.010627784560487689,2.939570087976254,"budget, federal, tax, cuts, income"
251,2019-04-21,0.0057042562527424,2.939259628509473,"league, goal, liverpool, united, champions"
129,2019-08-20,0.0018057482637219235,2.9385034350594696,"kong, hong, water, crowds, cannons"
498,2019-04-21,0.006186271961572887,2.937931664342231,"fish, darling, salmon, fishing, prevent"
269,2019-07-02,0.004063196971225967,2.9256260252711916,"nbn, telstra, outage, killed, dream"
500,2019-02-09,0.007646044559978634,2.9240831153775098,"interview, speaks, business, extended, andy"
259,2019-06-07,0.005037298260400267,2.9149242271059808,"world, matildas, cup, womens, opener"
241,2021-01-06,0.0035741088877164814,2.913517136213194,"covid, vaccine, oxford, pfizer, vaccines"
170,2020-01-22,0.005608377513911338,2.9110904731927785,"nick, australian, open, rafael, nadal"
158,2019-11-25,0.0013374944271065,2.902802194430522,"weekend, virginia, trioli, reads, triple"
64,2020-04-05,0.0035102534574740366,2.9017574590722996,"coronavirus, johnson, icu, hospital, improving"
358,2020-11-04,0.004311198193479219,2.8985825597324717,"green, antony, election, biden, trump"
554,2020-07-12,0.006152518683760049,2.889378649907188,"border, queensland, nsw, victoria, closure"
627,2020-09-07,0.002054692571890129,2.887611832190723,"boat, missing, men, search, alive"
598,2020-08-19,0.001873303987447619,2.886174979748613,"deaths, new, update, covid, rise"
352,2020-11-04,0.0017226528854435,2.8827670772398934,"rockhampton, strelow, margaret, resigns, rockhamptons"
571,2021-01-29,0.001682691029673242,2.882494947953346,"restrictions, nsw, perth, lockdown, victoria"
47,2021-09-19,0.0061021996564749725,2.8804510867904862,"gladys, berejiklian, icac, premier, resigns"
143,2020-03-11,0.0025862068965517,2.8801854083643796,"trial, victims, families, prepare, amsterdam"
629,2019-09-13,0.00215093887273403,2.8782693699386894,"baby, murder, acquitted, newborn, mother"
415,2020-05-17,0.0026654820079964,2.872770385725521,"charity, charities, raise, digger, sells"
303,2019-07-27,0.002939689421325092,2.871852796243321,"lawyer, commission, royal, police, orman"
92,2020-01-22,0.009916896697775561,2.8718222535443463,"harry, prince, meghan, markle, royal"
533,2019-03-28,0.0017014036580178,2.8657554687130524,"police, taser, driver, stop, traffic"
176,2019-04-21,0.0052654673102237,2.8648023518573527,"folau, rugby, australia, notice, breach"
111,2019-09-13,0.0030316154179298,2.862447491657079,"school, youth, students, atlassian, day"
383,2020-04-05,0.0065416484954208,2.8571882251768437,"coronavirus, app, tracing, contact, tracers"
41,2020-09-26,0.0027272727272727,2.8544548151398383,"parliament, hears, wagga, corruption, hearings"
121,2019-09-13,0.0017323516673884,2.8496107443441043,"make, switching, provider, energy, prices"
511,2019-12-23,0.0021186440677966,2.8443555265873273,"bat, wraps, guides, sew, girl"
426,2020-03-11,0.0038793103448275,2.8392456047603556,"coronavirus, rent, property, market, unemployment"
67,2019-03-04,0.007423490582229554,2.8350643236629876,"brexit, deal, theresa, vote, mps"
548,2020-03-11,0.0038793103448275,2.8301926012865586,"tasmania, case, confirmed, new, cases"
4,2020-10-16,0.0012728044123886,2.8289908420184307,couch
1,2020-02-16,0.0017833259028087,2.8267352521404394,"thursday, finance, alan, kohler"
357,2020-06-24,0.002971492615557058,2.8259423143658218,"election, voters, byelection, saturday, polls"
70,2019-07-02,0.009984978951288628,2.822949235948826,"sigley, alek, north, korea, kim"
440,2020-04-05,0.003517353727091114,2.822514900749823,"coronavirus, food, covid, farmers, security"
569,2020-04-27,0.001673640167364,2.8214982295671596,"brazil, coronavirus, covid, region, lockdown"
369,2019-03-28,0.002972014812006594,2.810142085780873,"superannuation, super, veterans, defence, retire"
618,2021-04-30,0.004807115472382679,2.8060312959750098,"police, cctv, footage, shows, release"
47,2020-10-16,0.0059397539244802,2.80159222922945,"gladys, premier, nsw, icac, fighting"
578,2020-11-23,0.0025751006297402676,2.7999647094794518,"lockdown, explained, hard, answered, questions"
48,2019-11-25,0.0022291573785109,2.7972106618534274,"jacqui, joins, insiders, repeal, coalition"
124,2021-07-13,0.0012992143715114086,2.789932774956487,"breaks, looks, analyst, abc, data"
383,2020-04-27,0.006387279464551187,2.789622678913662,"app, tracing, coronavirus, covidsafe, covid"
199,2021-07-13,0.0047628644975772644,2.7890253364261626,"biloela, tamil, asylum, seeker, speaks"
280,2021-11-26,0.0017368649587494,2.78442268517553,"queensland, pcr, scrap, pressure, government"
334,2020-02-16,0.0013374944271065,2.783352068664945,"penguin, tasmania, second, sighting, king"
424,2020-03-11,0.0038793103448275,2.77725127813347,"workers, staff, boss, capacity, stands"
562,2019-12-23,0.00610767564151752,2.7750187958275103,"heatwave, record, australia, weather, hot"
129,2020-06-05,0.0017028522775649,2.7710427653271616,"yard, long, fired, gas, jail"
219,2021-01-29,0.0012776831345826,2.7680607335028986,"terrorist, right, boys, proud, calls"
389,2021-02-18,0.005200756252961815,2.7672887758248956,"coercive, control, domestic, violence, hannah"
404,2020-06-05,0.0025542784163473,2.7666674500254214,"government, repay, robodebt, debts, class"
226,2019-12-23,0.0042372881355932,2.76646651867935,"iran, trump, donald, iranian, options"
609,2020-07-12,0.005463430031933275,2.7653632070421934,"attack, killed, island, fraser, man"
280,2020-11-04,0.0017226528854435,2.7610372593161996,"codes, concerns, privacy, venues, nsw"
329,2019-04-21,0.0013292394623491944,2.7569165020127695,"semenya, caster, testosterone, benefit, decision"
213,2021-09-19,0.0030586638767588496,2.7545098027939687,"odysseyloop, larastation, camb, drone, station"
167,2020-01-22,0.003459955035183546,2.7502253021229,"tennis, open, australian, mens, final"
420,2021-03-11,0.00263132202219947,2.749078203579145,"wool, shed, lego, shearing, yarn"
474,2021-11-26,0.001302648719062,2.744065600589142,"old, muttamas, redevelopment, muttama, unveils"
343,2020-07-12,0.004537162654157836,2.74051176298083,"health, mental, emergency, care, youth"
484,2020-04-05,0.002624547690927631,2.738236058781832,"armyworm, fall, bugs, pest, insects"
630,2020-04-27,0.00581726693466785,2.73816429582302,"crash, killed, police, charged, driver"
440,2020-08-01,0.0034115164195326966,2.7375665885403575,"coronavirus, covid, meatworks, meat, victorian"
582,2020-12-13,0.0013157894736842,2.7370067984562816,"wave, record, covid, cases, struggling"
373,2020-08-01,0.00212399094936221,2.736935550324729,"australia, tensions, talks, confrontation, control"
308,2020-01-22,0.0021551724137931,2.7365904206886387,"dinosaur, dinosaurs, queensland, new, astrophysics"
364,2020-05-17,0.0022212350066637,2.734307440127056,"security, national, law, legislation, china"
110,2019-07-02,0.0017945266935845,2.73379635123323,"boom, price, record, unwind, train"
261,2019-10-08,0.0033085968386614715,2.730485012808674,"world, cup, loss, england, lose"
414,2020-05-17,0.0031097290093291,2.726937038380493,"target, stores, kmart, shopping, residents"
590,2020-06-24,0.0016992353440951,2.725459817328612,"witness, secret, collaery, bernard, trial"
255,2019-10-08,0.0029199451840961127,2.723707512152972,"marathon, eliud, hours, kipchoge, brigid"
31,2021-04-30,0.0017490161783996,2.7235636286684057,"retirement, superannuation, kohler, kohlers, cost"
2,2020-02-16,0.0008916629514043,2.7215078605343908,"friday, finance, alan, kohler"
70,2019-03-04,0.009620278192065254,2.720541281829867,"trump, kim, summit, jong, north"
226,2019-07-02,0.004165030047757211,2.7192771502322843,"iran, trump, donald, sanctions, leader"
266,2021-01-29,0.004640426714281897,2.7141178171362297,"tokyo, olympics, ioc, ahead, olympic"
540,2019-10-08,0.002456265334663947,2.713630096679123,"cannabis, act, federal, laws, medicinal"
603,2020-03-11,0.002139421599360808,2.7062084157251336,"coronavirus, flight, virgin, air, amid"
560,2020-02-16,0.01169891629098049,2.7027973249316752,"flooding, rain, flood, queensland, floods"
34,2020-10-16,0.00456988589825537,2.7002772986354957,"wednesday, thursday, monday, friday, tuesday"
184,2020-09-26,0.0014007575757576515,2.7002039540443716,"super, indigenous, jemma, oppportunity, missed"
68,2019-09-13,0.007128361837746076,2.699530620960624,"boris, johnson, brexit, parliament, election"
528,2020-06-05,0.003790981496314409,2.698589540440119,"coronavirus, music, live, covid, gigs"
342,2020-02-16,0.001351708786952276,2.697296729195875,"brain, protect, weights, training, strength"
327,2019-03-04,0.0012804097311139,2.696975216257116,"northern, meeting, land, assemble, resume"
95,2020-03-11,0.0017241379310344,2.6904464211634016,"explains, questions, answers, social, distancing"
164,2021-09-19,0.0021834061135371,2.6902794296748316,"slam, golden, open, completes, true"
407,2019-09-13,0.0017323516673884,2.6891700317185183,"travel, british, collapses, firm, vent"
438,2021-03-11,0.003506600347840831,2.6881181071226194,"package, says, government, support, billion"
25,2019-04-21,0.0043878894251864,2.687994375422294,"april, thursday, friday, tuesday, monday"
508,2020-02-16,0.0058816418017108955,2.6848621755716273,"oscars, best, parasite, academy, awards"
453,2020-12-13,0.0026315789473684,2.683587220571502,"casual, young, living, fun, lot"
446,2021-07-13,0.004771582860214483,2.6811023234765825,"andrews, daniel, says, victorian, premier"
425,2020-06-24,0.0021240441801189,2.675411829688308,"workers, coronavirus, pandemic, women, casual"
130,2019-03-28,0.0033999038968240513,2.6735341583521968,"election, thailand, thai, results, thailands"
27,2019-11-01,0.0039473684210526,2.6732900136133324,"tuesday, friday, wednesday, thursday"
329,2020-11-23,0.0012886597938144,2.672744656606921,"gut, link, genetic, depression, endometriosis"
520,2019-11-01,0.00443830997090718,2.6697090625791904,"birds, bird, mating, loudest, worlds"
189,2019-08-20,0.0018057482637219235,2.6665891959910986,"religious, freedom, draft, amendment, second"
210,2020-11-04,0.00431576030223467,2.665828901630221,"harris, biden, joe, election, president"
92,2021-03-11,0.009206468617081128,2.6657353570999107,"meghan, harry, interview, oprah, markle"
414,2021-11-26,0.0030395136778115,2.664437893598779,"christmas, face, supply, workers, housing"
249,2021-09-19,0.0026206569204480635,2.6635956566364576,"womens, head, athletes, game, need"
105,2020-02-16,0.007590660243568817,2.6597770601365243,"coronavirus, cruise, cases, ship, confirmed"
541,2019-11-01,0.005987335115473955,2.658829330867842,"drought, farmers, federal, nsw, moira"
416,2020-12-13,0.00572151098466889,2.657473131530209,"dies, aged, dead, country, charley"
534,2020-04-05,0.0039249890972525,2.6570599693300707,"fiji, devastates, batters, coronavirus, damage"
512,2019-07-02,0.0017945266935845,2.6556295113605985,"tiger, chasing, filmed, motorcyclists, india"
358,2019-05-14,0.003947368421052594,2.654513344385757,"election, result, predicts, called, pre"
104,2020-06-05,0.0012771392081736,2.6540128050472838,"port, risk, exposure, continue, children"
328,2019-11-01,0.0013157894736842,2.6537322151151286,"disorders, victims, forgotten, baldi, amanda"
354,2019-02-09,0.0017881090746535,2.649107445969755,"parliament, federal, sitting, prepares, week"
474,2019-10-08,0.0012578616352201,2.6472310563098738,"eumundis, away, religion, moves, closes"
102,2020-06-05,0.0029601425193593574,2.645461297829917,"tinto, rio, heritage, site, destroyed"
544,2021-02-18,0.0017293558149589,2.6441481704183607,"jilkminggan, evacuated, community, hundreds, floods"
488,2021-07-13,0.0026029893902243476,2.635243965845078,"reef, great, barrier, danger, list"
493,2019-03-04,0.0017072129748186,2.6349406303829657,"lake, circular, spillway, drains, turn"
298,2019-08-20,0.0017865118356409,2.6301958118085498,"ethics, rules, trudeau, fed, breach"
536,2021-02-18,0.0017293558149589,2.629417208188127,"brunswick, festival, performing, entertainment, east"
545,2021-07-13,0.0030411899974753078,2.625164442867404,"covid, indonesia, cases, deaths, million"
27,2020-11-04,0.003875968992248,2.624922566935012,"tuesday, thursday, monday, friday, wednesday"
412,2020-07-12,0.002281803061310589,2.6240492819914674,"records, new, deaths, masks, investigation"
556,2020-05-17,0.0018020709602368271,2.619262788309056,"tornado, geelong, bunbury, buildings, destroyed"
312,2019-05-14,0.0021910604732690193,2.6183100549174614,"zali, warringah, steggall, tony, abbott"
301,2019-02-09,0.003204665455193299,2.6173044388991014,"cyber, hacking, security, australia, major"
103,2021-01-06,0.0022366045222508763,2.616934237577252,"national, words, leaders, say, aus"
63,2020-11-23,0.0042896179711482746,2.612409286836193,"crash, grosjean, bahrain, grand, prix"
359,2019-06-07,0.001685630004214,2.6115824445264986,"kong, hong, protesters, sell, says"
279,2020-06-05,0.0017028522775649,2.6106852932734386,"stolen, generations, healing, trauma, hill"
338,2019-07-27,0.0021331058020477,2.6083443038603713,"lego, therapy, mackay, employment, challenge"
543,2020-01-22,0.0021615621668200184,2.6076577721369114,"storm, victoria, nsw, queensland, rolls"
109,2019-06-07,0.0024546110157729773,2.6074067930392153,"adani, minister, environment, approval, devastated"
148,2020-08-19,0.0022271714922048,2.5982625539819195,"win, fight, boxing, live, blog"
315,2020-08-19,0.0017817371937639,2.597936594757626,"michael, labor, says, confident, live"
130,2020-10-16,0.0032988147646852753,2.5955057353268693,"thailand, protesters, bangkok, thai, protests"
382,2020-06-24,0.0016992353440951,2.5953218052734526,"salmonella, eggs, victoria, spike, bad"
50,2020-01-22,0.0021615621668200184,2.5932595933758047,"january, jan, tuesday, monday"
605,2021-01-06,0.005367602841934066,2.5909618381905095,"cases, records, berala, new, linked"
549,2020-11-23,0.0012886597938144,2.587995233646175,"border, reunited, reopens, queensland, families"
239,2020-04-05,0.0008769172347587938,2.5849046081621787,"coronavirus, super, withdrawing, think, hardship"
515,2019-04-21,0.0021939447125932,2.575944875018029,"toddler, dingoes, attack, island, fraser"
267,2021-01-06,0.002682439310739478,2.572766149241845,"mcg, india, australia, blog, live"
407,2020-04-27,0.0016552184523570697,2.5693957310228277,"cook, history, indigenous, james, people"
156,2021-11-26,0.0034737299174989,2.566370730244063,"migrants, border, sends, gather, poland"
293,2021-03-11,0.0017560436965580089,2.5650596024793457,"says, solicitor, general, rejects, minister"
380,2019-02-09,0.0013410818059901,2.564816937285655,"dating, talk, save, tinder, family"
573,2020-03-11,0.0021551724137931,2.56077947555674,"children, risk, diagnosed, confirmed, baby"
573,2020-08-01,0.0021468441391155,2.550882179703292,"coronavirus, birthings, rise, covid, pandemic"
262,2021-02-18,0.0025940337224383,2.5497103469538196,"super, waratahs, reds, rule, round"
457,2019-02-09,0.0013410818059901,2.548121908638009,"anniversary, cummeragunja, max, mad, yesterday"
401,2019-09-13,0.0025985275010827,2.5456859853436415,"prevention, support, students, day, anu"
277,2020-12-13,0.0017792228318543528,2.5454857204410253,"card, welfare, scheme, debit, patrick"
523,2019-12-23,0.0016720671319375956,2.545376412409599,"african, indonesia, exercise, pushes, prices"
325,2020-01-22,0.0012931034482758,2.5448255381640337,"wearing, glasses, tell, drive, need"
457,2020-02-16,0.0013374944271065,2.54130500721416,"story, clowns, aus, trend, fullers"
614,2019-12-23,0.0037897670624490814,2.5364210858911775,"pope, francis, brother, catholic, abuse"
149,2020-02-16,0.0022429875664689534,2.5358672395615502,"boxing, knockout, victory, shows, popular"
161,2020-08-01,0.004269866732979687,2.5353741899458817,"palmer, clive, border, mcgowan, court"
421,2021-02-18,0.003052096200837477,2.5220571065175648,"homeless, accommodation, hotel, spike, homelessness"
328,2020-09-07,0.0012505210504376,2.520961062138823,"disorder, triple, support, requests, sport"
376,2020-09-26,0.0018181818181818,2.514957934362487,"case, peter, boss, vlandys, racing"
451,2019-11-01,0.004473133670997535,2.5144030544882483,"australia, talks, australians, older, living"
489,2019-12-23,0.0012711864406779,2.51400046320459,"rescue, helicopter, tour, hawaii, disappears"
283,2019-02-09,0.0014188093529144152,2.512719899655795,"pill, testing, trial, drug, available"
349,2020-08-01,0.0017174753112924,2.511165246536079,"life, donation, wishes, donors, coronavirus"
94,2019-07-02,0.0013458950201884,2.506049514145484,"treasurer, joins, insiders, acting, tax"
204,2019-11-01,0.0017915022159504961,2.506029078934844,"lebanon, protesters, chain, human, protests"
113,2019-02-09,0.0013410818059901,2.50329262576661,"using, toothpaste, mouth, foot, disease"
