topic_id,timestamp,bin_start,bin_end,frequency,growth_velocity,semantic_velocity,keywords,z_score_growth_vel
52,2021-11-26 00:00:00.000000,2021-10-22 00:00:00.000000,2021-12-31,0.0282240555796786,0.0282240555796786,0.27391505241394043,"omicron, variant, covid, says, nsw",6.162136069899109
65,2021-11-26 00:00:00.000000,2021-10-22 00:00:00.000000,2021-12-31,0.0086843247937472,0.006925502954525416,0.835256040096283,"cleo, smith, police, audio, finding",5.95306799800523
117,2020-03-11 12:00:00.000000,2020-02-28 00:00:00.000000,2020-03-24,0.0137931034482758,0.0137931034482758,0.07509130239486694,"coronavirus, afl, season, nrl, league",5.7255433577265515
303,2021-09-19 00:00:00.000000,2021-08-17 00:00:00.000000,2021-10-22,0.0148471615720524,0.0148471615720524,0.5312740802764893,"september, october",5.705975776203436
556,2021-07-13 00:00:00.000000,2021-06-08 00:00:00.000000,2021-08-17,0.0117442366246194,0.010860231175406127,0.4810831546783447,"new, nsw, cases, records, local",5.2792000350426465
35,2020-09-26 12:00:00.000000,2020-09-17 00:00:00.000000,2020-10-06,0.0068181818181818,0.0068181818181818,0.1599729061126709,"azerbaijan, armenia, karabakh, nagorno, fighting",5.201504817652652
196,2020-03-11 12:00:00.000000,2020-02-28 00:00:00.000000,2020-03-24,0.0086206896551724,0.008171215194541838,0.6807916164398193,"scott, economic, recession, stimulus, addresses",5.148750847545999
496,2020-03-11 12:00:00.000000,2020-02-28 00:00:00.000000,2020-03-24,0.0094827586206896,0.0094827586206896,1.1920928955078125e-07,"stimulus, coronavirus, package, government, economic",5.097851327184809
152,2019-12-23 00:00:00.000000,2019-12-07 00:00:00.000000,2020-01-08,0.0110169491525423,0.009666525801047418,0.4266837239265442,"kangaroo, island, bushfire, animals, kangaroos",5.069305424929433
260,2020-06-05 12:00:00.000000,2020-05-27 00:00:00.000000,2020-06-15,0.0285227756492124,0.0285227756492124,-1.1920928955078125e-07,"black, matter, lives, protest, protests",5.056747085604188
116,2020-03-11 12:00:00.000000,2020-02-28 00:00:00.000000,2020-03-24,0.0047413793103448,0.0047413793103448,0.45540153980255127,"sport, outbreak, events, amid, italian",5.050037494406403
88,2020-01-22 00:00:00.000000,2020-01-08 00:00:00.000000,2020-02-05,0.0060344827586206,0.0060344827586206,0.0058917999267578125,"grants, sports, bridget, mckenzie, morrison",5.038826304365237
273,2021-07-13 00:00:00.000000,2021-06-08 00:00:00.000000,2021-08-17,0.0160939538929969,0.013877344045935451,0.2842811346054077,"new, records, cases, nsw, queensland",5.037137040744348
172,2019-04-21 00:00:00.000000,2019-04-09 00:00:00.000000,2019-05-03,0.0048266783677051,0.004399456140508013,0.024719953536987305,"noor, mohamed, justine, damond, ruszczyk",5.028339696582972
240,2020-08-01 00:00:00.000000,2020-07-22 00:00:00.000000,2020-08-11,0.012881064834693,0.012881064834693,0.08060646057128906,"beirut, explosion, blast, lebanese, ammonium",5.012442312889338
583,2019-03-04 00:00:00.000000,2019-02-20 00:00:00.000000,2019-03-16,0.008536064874093,0.008536064874093,0.11703622341156006,"max, boeing, ethiopian, airlines, flight",4.960852002891577
34,2019-08-20 00:00:00.000000,2019-08-08 00:00:00.000000,2019-09-01,0.0044662795891022,0.004037935759853172,-2.384185791015625e-07,stories,4.932689432095099
467,2020-12-13 12:00:00.000000,2020-12-03 00:00:00.000000,2020-12-24,0.0100877192982456,0.009654019118212015,0.46429455280303955,"coronavirus, covid, sydney, nsw, live",4.914801659009521
77,2021-11-26 00:00:00.000000,2021-10-22 00:00:00.000000,2021-12-31,0.0060790273556231,0.0060790273556231,0.28309381008148193,"william, tyrrell, police, search, parents",4.90084536380901
188,2019-04-21 00:00:00.000000,2019-04-09 00:00:00.000000,2019-05-03,0.0039491004826678,0.0039491004826678,0.1036030650138855,"palmer, clive, election, federal, herbert",4.849970897568245
239,2020-03-11 12:00:00.000000,2020-02-28 00:00:00.000000,2020-03-24,0.0193965517241379,0.018034935671078108,0.6969009637832642,"coronavirus, schools, school, open, covid",4.843452329796991
32,2021-07-13 00:00:00.000000,2021-06-08 00:00:00.000000,2021-08-17,0.0139190952588081,0.011266014329216877,0.3511543869972229,"casey, briggs, covid, analyst, breaks",4.8184929117430695
265,2019-03-28 00:00:00.000000,2019-03-16 00:00:00.000000,2019-04-09,0.0072309655465759,0.005942946409048366,0.7383931875228882,"mueller, report, trump, donald, robert",4.803705840271224
119,2020-01-22 00:00:00.000000,2020-01-08 00:00:00.000000,2020-02-05,0.0064655172413793,0.0064655172413793,0.07818484306335449,"kobe, bryant, lakers, lebron, angeles",4.7791299884684895
586,2020-03-11 12:00:00.000000,2020-02-28 00:00:00.000000,2020-03-24,0.0047413793103448,0.00429363359763974,0.060241639614105225,"confirmed, cases, new, case, test",4.759544959923839
245,2021-04-30 12:00:00.000000,2021-03-23 00:00:00.000000,2021-06-08,0.0179274158285964,0.0179274158285964,0.2700458765029907,"israel, gaza, israeli, hamas, palestinian",4.750210828762521
617,2021-02-18 12:00:00.000000,2021-02-09 00:00:00.000000,2021-02-28,0.0095114569822741,0.0095114569822741,0.18046092987060547,"higgins, rape, alleged, police, parliament",4.730678536609933
203,2021-11-26 00:00:00.000000,2021-10-22 00:00:00.000000,2021-12-31,0.0043421623968736,0.0043421623968736,0.3886561393737793,"solomon, islands, australia, confidence, accused",4.730602019946171
37,2019-03-28 00:00:00.000000,2019-03-16 00:00:00.000000,2019-04-09,0.0042535091450446,0.0042535091450446,-1.1920928955078125e-07,"episode, mix",4.724145309761687
546,2019-02-09 00:00:00.000000,2019-01-29 00:00:00.000000,2019-02-20,0.0147518998658918,0.0147518998658918,0.0035451650619506836,"flood, flooding, floods, floodwaters, residents",4.679589815933492
507,2019-04-21 00:00:00.000000,2019-04-09 00:00:00.000000,2019-05-03,0.0039491004826678,0.0039491004826678,0.06977725028991699,"geoffrey, rush, defamation, case, daily",4.672815463408392
555,2021-09-19 00:00:00.000000,2021-08-17 00:00:00.000000,2021-10-22,0.0074235807860262,0.0074235807860262,0.5145418643951416,"records, new, recorded, local",4.663409148714121
323,2019-06-07 12:00:00.000000,2019-05-26 00:00:00.000000,2019-06-20,0.0071639275179098,0.0071639275179098,0.541752815246582,"darwin, shooting, police, gunman, arrest",4.644788659830847
523,2019-06-07 12:00:00.000000,2019-05-26 00:00:00.000000,2019-06-20,0.0063211125158027,0.00587974360680459,0.11320304870605469,"everest, mount, himalayas, climbers, bodies",4.619680602678555
519,2019-07-27 00:00:00.000000,2019-07-15 00:00:00.000000,2019-08-08,0.0098122866894197,0.0098122866894197,0.0176694393157959,"fowler, murder, lucas, canada, suspects",4.619618911233214
157,2020-08-19 12:00:00.000000,2020-08-11 00:00:00.000000,2020-08-28,0.0035634743875278,0.0035634743875278,0.38598740100860596,"california, wildfires, rage, australia, tornado",4.609992366104112
579,2020-01-22 00:00:00.000000,2020-01-08 00:00:00.000000,2020-02-05,0.0150862068965517,0.01422669275015331,0.6030987501144409,"coronavirus, china, wuhan, australian, chinese",4.605392417807098
505,2021-03-11 12:00:00.000000,2021-02-28 00:00:00.000000,2021-03-23,0.0122591943957968,0.0122591943957968,0.009041666984558105,"christian, porter, rape, allegation, historical",4.59971608093079
125,2021-01-29 12:00:00.000000,2021-01-19 00:00:00.000000,2021-02-09,0.0149063032367972,0.014453826061925737,0.07636892795562744,"collingwood, eddie, mcguire, racism, report",4.595213226269528
205,2019-05-14 12:00:00.000000,2019-05-03 00:00:00.000000,2019-05-26,0.0153576129881526,0.0153576129881526,0.27648019790649414,"hawke, bob, death, dalpuget, election",4.594462167913275
85,2021-02-18 12:00:00.000000,2021-02-09 00:00:00.000000,2021-02-28,0.0034587116299178,0.0034587116299178,0.7173880338668823,"dead, coast, south, nsw, fraud",4.59412528953398
140,2019-08-20 00:00:00.000000,2019-08-08 00:00:00.000000,2019-09-01,0.0053595355069227,0.0053595355069227,0.2112688422203064,"fires, brazilian, brazil, fight, wildfires",4.568437944330413
224,2020-06-05 12:00:00.000000,2020-05-27 00:00:00.000000,2020-06-15,0.0400170285227756,0.0400170285227756,0.009733080863952637,"floyd, george, protests, death, police",4.566033947039976
186,2020-02-16 12:00:00.000000,2020-02-05 00:00:00.000000,2020-02-28,0.0053499777084262,0.0053499777084262,0.10607647895812988,"train, derailment, wallan, melbourne, driver",4.565792887391484
494,2020-03-11 12:00:00.000000,2020-02-28 00:00:00.000000,2020-03-24,0.0068965517241379,0.0068965517241379,0.2403404712677002,"panic, buying, shopping, supermarket, sees",4.545225813206274
169,2021-01-29 12:00:00.000000,2021-01-19 00:00:00.000000,2021-02-09,0.0051107325383304,0.0051107325383304,0.23198950290679932,"kyi, myanmar, coup, detained, leader",4.542630017777454
4,2019-08-20 00:00:00.000000,2019-08-08 00:00:00.000000,2019-09-01,0.0017865118356409,0.0017865118356409,,,4.537274343803999
46,2019-06-07 12:00:00.000000,2019-05-26 00:00:00.000000,2019-06-20,0.0037926675094816,0.0037926675094816,0.20631206035614014,"towers, residents, cracks, building, evacuation",4.530185509032285
411,2019-06-07 12:00:00.000000,2019-05-26 00:00:00.000000,2019-06-20,0.0021070375052675,0.0021070375052675,0.3450888395309448,"cut, rate, federal, reserve, rises",4.528716511709735
191,2019-04-21 00:00:00.000000,2019-04-09 00:00:00.000000,2019-05-03,0.0157964019306713,0.0157964019306713,0.0,"sri, lanka, bombings, lankan, victims",4.526581640738667
114,2019-12-23 00:00:00.000000,2019-12-07 00:00:00.000000,2020-01-08,0.022457627118644,0.022457627118644,0.011612534523010254,"island, volcano, white, new, zealand",4.523987014587172
615,2021-02-18 12:00:00.000000,2021-02-09 00:00:00.000000,2021-02-28,0.004755728491137,0.004755728491137,0.12291371822357178,"allegation, rape, cabinet, minister, new",4.5190167598729385
139,2019-04-21 00:00:00.000000,2019-04-09 00:00:00.000000,2019-05-03,0.0153576129881526,0.0153576129881526,0.19180870056152344,"dame, notre, cathedral, flames, paris",4.513904368799365
228,2020-09-26 12:00:00.000000,2020-09-17 00:00:00.000000,2020-10-06,0.0027272727272727,0.0027272727272727,0.2685249447822571,"barrett, trump, supreme, court, donald",4.51127887374693
227,2020-09-26 12:00:00.000000,2020-09-17 00:00:00.000000,2020-10-06,0.0077272727272727,0.0077272727272727,0.06115162372589111,"ruth, bader, ginsburg, court, supreme",4.503333376796887
585,2020-03-11 12:00:00.000000,2020-02-28 00:00:00.000000,2020-03-24,0.0168103448275862,0.013196625254676152,0.6947153806686401,"coronavirus, special, google, searches, pandemic",4.497784082603297
49,2020-02-16 12:00:00.000000,2020-02-05 00:00:00.000000,2020-02-28,0.0093624609897458,0.0093624609897458,0.316159725189209,"motors, general, australia, brand, ford",4.495421929015005
315,2021-04-30 12:00:00.000000,2021-03-23 00:00:00.000000,2021-06-08,0.0135548753825972,0.011782926299760528,0.46359509229660034,"vaccine, aged, rollout, care, vaccination",4.493428781377885
51,2021-03-11 12:00:00.000000,2021-02-28 00:00:00.000000,2021-03-23,0.004816112084063,0.0043818786734821915,0.24893391132354736,"mark, premier, border, election, evacuated",4.453135580654788
253,2019-10-08 00:00:00.000000,2019-09-25 00:00:00.000000,2019-10-21,0.0129979035639413,0.0129979035639413,0.24458718299865723,"syria, turkey, president, turkish, kurdish",4.423217171371265
96,2020-11-23 12:00:00.000000,2020-11-14 00:00:00.000000,2020-12-03,0.0103092783505154,0.009874362604346525,0.29254335165023804,"maradona, diego, argentina, obituary, fans",4.416501274808242
401,2019-02-09 00:00:00.000000,2019-01-29 00:00:00.000000,2019-02-20,0.0093875726419311,0.008115769736460405,0.2008211612701416,"royal, commission, banking, report, banks",4.38777128290822
368,2021-03-11 12:00:00.000000,2021-02-28 00:00:00.000000,2021-03-23,0.0070052539404553,0.0070052539404553,0.21796554327011108,"march, justice, womens, women, higgins",4.3798451780914185
247,2021-01-06 00:00:00.000000,2020-12-24 00:00:00.000000,2021-01-19,0.0231935771632471,0.0231935771632471,0.009577393531799316,"capitol, trump, washington, riots, donald",4.363028140477234
123,2020-01-22 00:00:00.000000,2020-01-08 00:00:00.000000,2020-02-05,0.0047413793103448,0.004315821758752131,0.17043399810791016,"sports, grants, sport, know, government",4.345602057123339
264,2021-01-06 00:00:00.000000,2020-12-24 00:00:00.000000,2021-01-19,0.0138269402319357,0.012938397777744737,0.6986465454101562,"trump, impeachment, donald, live, updates",4.345010091215243
626,2020-11-04 12:00:00.000000,2020-10-26 00:00:00.000000,2020-11-14,0.0043066322136089,0.0043066322136089,0.19884276390075684,"rape, hears, alleged, victim, details",4.343512045340212
138,2020-06-24 00:00:00.000000,2020-06-15 00:00:00.000000,2020-07-03,0.0046728971962616,0.0046728971962616,0.4144885540008545,"china, india, dispute, kashmir, ladakh",4.327493222940872
255,2019-10-08 00:00:00.000000,2019-09-25 00:00:00.000000,2019-10-21,0.0083857442348008,0.007513060769431043,0.2448214292526245,"extinction, protesters, protester, brisbane, protests",4.327282586435798
502,2020-09-26 12:00:00.000000,2020-09-17 00:00:00.000000,2020-10-06,0.0118181818181818,0.01013392350471008,0.5775390863418579,"donald, trump, coronavirus, covid, hospital",4.32598909348582
170,2021-01-29 12:00:00.000000,2021-01-19 00:00:00.000000,2021-02-09,0.0089437819420783,0.0089437819420783,0.2750263214111328,"myanmar, coup, military, myanmars, australia",4.310706246171644
567,2020-09-07 00:00:00.000000,2020-08-28 00:00:00.000000,2020-09-17,0.0083368070029178,0.006991161797842772,0.7185671329498291,"restrictions, victoria, roadmap, melbourne, stage",4.278110976313872
43,2020-10-16 00:00:00.000000,2020-10-06 00:00:00.000000,2020-10-26,0.0089096308867204,0.0089096308867204,0.024097025394439697,"maguire, gladys, berejiklian, icac, daryl",4.265267341137128
105,2020-07-12 12:00:00.000000,2020-07-03 00:00:00.000000,2020-07-22,0.0058664259927797,0.0058664259927797,0.24253636598587036,"letters, palace, whitlam, queen, kerr",4.24844351037365
217,2019-09-13 00:00:00.000000,2019-09-01 00:00:00.000000,2019-09-25,0.0030316154179298,0.002583833446761109,0.08650064468383789,"kong, hong, quit, extradition, withdrawal",4.235020438888376
319,2020-08-19 12:00:00.000000,2020-08-11 00:00:00.000000,2020-08-28,0.0133630289532293,0.012493562604921082,0.8568837642669678,"new, zealand, coronavirus, cases, covid",4.2326626767748765
277,2020-04-27 12:00:00.000000,2020-04-17 00:00:00.000000,2020-05-08,0.00418410041841,0.00418410041841,0.33758485317230225,"fuel, prices, price, petrol, dramatically",4.219124812458606
518,2020-02-16 12:00:00.000000,2020-02-05 00:00:00.000000,2020-02-28,0.0044583147570218,0.0044583147570218,0.2218063473701477,"clarke, murder, violence, domestic, brother",4.199903755412571
95,2019-07-27 00:00:00.000000,2019-07-15 00:00:00.000000,2019-08-08,0.0063993174061433,0.0063993174061433,0.42088937759399414,"jack, test, doping, swimming, ligandrol",4.19599158488363
557,2020-04-27 12:00:00.000000,2020-04-17 00:00:00.000000,2020-05-08,0.005020920502092,0.0037077398568367225,0.7784032225608826,"eased, state, changing, relaxes, live",4.190244713457625
542,2019-03-28 00:00:00.000000,2019-03-16 00:00:00.000000,2019-04-09,0.0255210548702679,0.022031404322006693,0.5073225498199463,"cyclone, trevor, veronica, aftermath, coast",4.177118183424733
115,2021-09-19 00:00:00.000000,2021-08-17 00:00:00.000000,2021-10-22,0.0048034934497816,0.0048034934497816,0.4909123182296753,"volcano, palma, canary, lava, spanish",4.176519482995297
554,2021-07-13 00:00:00.000000,2021-06-08 00:00:00.000000,2021-08-17,0.005219660722053,0.003902779070452095,0.5446438789367676,"queensland, covid, records, new, cases",4.172609867336461
220,2019-05-14 12:00:00.000000,2019-05-03 00:00:00.000000,2019-05-26,0.0057042562527424,0.0057042562527424,0.20954692363739014,"keating, paul, election, federal, heart",4.162217724892456
286,2020-05-17 12:00:00.000000,2020-05-08 00:00:00.000000,2020-05-27,0.0039982230119946,0.0039982230119946,0.7008755207061768,"death, carer, investigating, ndis, government",4.157116279711073
233,2019-02-09 00:00:00.000000,2019-01-29 00:00:00.000000,2019-02-20,0.0093875726419311,0.008539347790971548,0.718062698841095,"asylum, medical, evacuation, nauru, manus",4.150563777260058
521,2019-11-01 12:00:00.000000,2019-10-21 00:00:00.000000,2019-11-13,0.0035087719298245,0.0035087719298245,0.5892119407653809,"shooting, police, teen, residents, officer",4.1485244047087235
538,2020-04-05 00:00:00.000000,2020-03-24 00:00:00.000000,2020-04-17,0.0095944177932839,0.005693022447582158,0.45016300678253174,"coronavirus, tasmania, cases, new, north",4.147137340185352
124,2020-11-23 12:00:00.000000,2020-11-14 00:00:00.000000,2020-12-03,0.0042955326460481,0.0042955326460481,0.15393227338790894,"iran, swap, prison, released, australia",4.146971212199052
419,2021-04-30 12:00:00.000000,2021-03-23 00:00:00.000000,2021-06-08,0.0083078268473983,0.0083078268473983,0.2897680997848511,"india, covid, records, daily, deaths",4.141652655121278
67,2019-09-13 00:00:00.000000,2019-09-01 00:00:00.000000,2019-09-25,0.003897791251624,0.0030018539100340304,0.5774169564247131,"greta, thunberg, climate, change, summit",4.135507343630784
243,2020-11-23 12:00:00.000000,2020-11-14 00:00:00.000000,2020-12-03,0.0150343642611683,0.012418296312041653,0.21892380714416504,"war, crimes, report, afghanistan, brereton",4.117569991972878
343,2019-10-08 00:00:00.000000,2019-09-25 00:00:00.000000,2019-10-21,0.0050314465408805,0.004161665972692846,0.3074880838394165,"whistleblower, complaint, trump, donald, says",4.115669720626489
627,2020-11-23 12:00:00.000000,2020-11-14 00:00:00.000000,2020-12-03,0.0038659793814432,0.0038659793814432,0.3848099708557129,"trial, rape, hears, continues, sexual",4.115054511002329
161,2020-01-22 00:00:00.000000,2020-01-08 00:00:00.000000,2020-02-05,0.0038793103448275,0.003454117921979225,0.18572008609771729,"bushfire, cultural, burning, aboriginal, mitigation",4.107253781686078
305,2021-03-11 12:00:00.000000,2021-02-28 00:00:00.000000,2021-03-23,0.004816112084063,0.0035145368093428063,0.8370351791381836,"vaccine, australia, does, italy, doses",4.101344706855404
531,2020-08-01 00:00:00.000000,2020-07-22 00:00:00.000000,2020-08-11,0.0103048518677544,0.008030415010780704,0.38102030754089355,"coronavirus, victoria, outbreaks, basils, outbreak",4.08733735455351
176,2020-08-19 12:00:00.000000,2020-08-11 00:00:00.000000,2020-08-28,0.0075723830734966,0.00541391610033144,0.05080169439315796,"belarus, lukashenko, protests, election, alexander",4.0732794114834325
204,2019-02-09 00:00:00.000000,2019-01-29 00:00:00.000000,2019-02-20,0.0044702726866338,0.0044702726866338,0.4026210904121399,"mokbel, prison, stabbed, hospital, barwon",4.072977374936679
272,2021-07-13 00:00:00.000000,2021-06-08 00:00:00.000000,2021-08-17,0.0043497172683775,0.0034721727360329403,0.46643733978271484,"cases, records, new, recorded, local",4.072011587918471
20,2019-09-13 00:00:00.000000,2019-09-01 00:00:00.000000,2019-09-25,0.0047639670853183,0.003867256717549219,,,4.055648127169646
165,2020-03-11 12:00:00.000000,2020-02-28 00:00:00.000000,2020-03-24,0.0025862068965517,0.0025862068965517,0.016049861907958984,"coronavirus, covid, hand, handwashing, sanitiser",4.0428298893683685
631,2019-07-27 00:00:00.000000,2019-07-15 00:00:00.000000,2019-08-08,0.0025597269624573,0.0025597269624573,0.5330713987350464,"shooting, dead, california, texas, garlic",4.0334847061680845
463,2021-07-13 00:00:00.000000,2021-06-08 00:00:00.000000,2021-08-17,0.0400173988690735,0.026994728503269103,0.2285449504852295,"lockdown, extended, sydney, victoria, nsw",4.031795497020951
87,2020-10-16 00:00:00.000000,2020-10-06 00:00:00.000000,2020-10-26,0.0025456088247772,0.0020901133187232893,0.6803563833236694,"wrap, crown",4.031654361604959
195,2020-02-16 12:00:00.000000,2020-02-05 00:00:00.000000,2020-02-28,0.0044583147570218,0.0044583147570218,0.5403630137443542,"kevins, college, principal, acting, bendigo",4.030263048249538
311,2019-05-14 12:00:00.000000,2019-05-03 00:00:00.000000,2019-05-26,0.0087757788503729,0.007891275756247287,0.8505094051361084,"china, trump, trade, wall, street",4.022921874757073
109,2021-04-30 12:00:00.000000,2021-03-23 00:00:00.000000,2021-06-08,0.0144293834717971,0.012655905528664625,0.8651776313781738,"prince, philip, edinburgh, duke, tribute",4.0140623380664175
399,2021-11-26 00:00:00.000000,2021-10-22 00:00:00.000000,2021-12-31,0.0026052974381241,0.0026052974381241,0.3467397689819336,"parliament, final, sitting, day, turbulent",4.005476309018437
250,2019-12-23 00:00:00.000000,2019-12-07 00:00:00.000000,2020-01-08,0.0101694915254237,0.0101694915254237,0.1645490527153015,"iran, soleimani, qassem, trump, donald",4.0053656760728344
537,2020-07-12 12:00:00.000000,2020-07-03 00:00:00.000000,2020-07-22,0.006768953068592,0.005487533102870484,0.3859844207763672,"news, australia, live, covid, victoria",3.9926637600298216
369,2020-06-24 00:00:00.000000,2020-06-15 00:00:00.000000,2020-07-03,0.0067969413763806,0.006368517146007703,0.500078022480011,"university, fees, fee, humanities, arts",3.991481966597204
8,2019-08-20 00:00:00.000000,2019-08-08 00:00:00.000000,2019-09-01,0.0022331397945511,0.0018057482637219235,,,3.987064727650286
385,2019-11-25 00:00:00.000000,2019-11-13 00:00:00.000000,2019-12-07,0.0040124832813196,0.0040124832813196,0.19079536199569702,"casey, hears, developer, corruption, councillor",3.9848638845046502
55,2019-05-14 12:00:00.000000,2019-05-03 00:00:00.000000,2019-05-26,0.0122860903905221,0.011842105263157885,0.4922870397567749,"eurovision, performs, miller, kate, heidke",3.9756371802469213
526,2021-11-26 00:00:00.000000,2021-10-22 00:00:00.000000,2021-12-31,0.0034737299174989,0.0034737299174989,0.9435127377510071,"west, sharon, saya, sakakibara, ryley",3.974465337712538
440,2020-04-05 00:00:00.000000,2020-03-24 00:00:00.000000,2020-04-17,0.0091583078935891,0.005258597815855264,0.3071058988571167,"coronavirus, rent, landlords, renters, queensland",3.9710826897877167
215,2021-02-18 12:00:00.000000,2021-02-09 00:00:00.000000,2021-02-28,0.028966709900562,0.023301073632579238,0.3944277763366699,"facebook, news, ban, media, code",3.961018906720477
268,2020-11-04 12:00:00.000000,2020-10-26 00:00:00.000000,2020-11-14,0.016365202411714,0.012927180585374174,0.48137933015823364,"trump, donald, election, trumps, biden",3.926485963076474
135,2020-11-04 12:00:00.000000,2020-10-26 00:00:00.000000,2020-11-14,0.0051679586563307,0.00474167877564531,0.20303314924240112,"nsw, maroons, queensland, blues, qld",3.919247303932015
417,2019-12-23 00:00:00.000000,2019-12-07 00:00:00.000000,2020-01-08,0.0042372881355932,0.0042372881355932,0.5452091693878174,"hobart, comanche, race, honours, line",3.913555545448155
341,2021-07-13 00:00:00.000000,2021-06-08 00:00:00.000000,2021-08-17,0.003479773814702,0.003479773814702,0.22200655937194824,"building, collapsed, partially, collapse, destroyed",3.9132427215652243
339,2020-08-01 00:00:00.000000,2020-07-22 00:00:00.000000,2020-08-11,0.0021468441391155,0.0016948157926387148,0.41964566707611084,"election, analysis, queensland, accused, scaremongering",3.9072419749598213
206,2020-05-17 12:00:00.000000,2020-05-08 00:00:00.000000,2020-05-27,0.0035539760106619,0.0027148840574757367,0.6027843356132507,"coronavirus, trump, donald, covid, trial",3.9058118086754114
107,2019-11-25 00:00:00.000000,2019-11-13 00:00:00.000000,2019-12-07,0.0062416406598305,0.0049193783199358585,0.8215193152427673,"measles, samoa, crisis, deadly, outbreak",3.905414828224973
94,2019-07-27 00:00:00.000000,2019-07-15 00:00:00.000000,2019-08-08,0.0063993174061433,0.0063993174061433,0.2592514753341675,"sun, yang, mack, horton, swimmer",3.8866614512098687
536,2020-04-05 00:00:00.000000,2020-03-24 00:00:00.000000,2020-04-17,0.0047972088966419,0.004364293252998388,0.2107495665550232,"fines, police, restrictions, powers, australia",3.8776221905935433
159,2020-11-04 12:00:00.000000,2020-10-26 00:00:00.000000,2020-11-14,0.0030146425495262,0.0030146425495262,0.18807446956634521,"bushfire, report, final, recommendations, national",3.8763120416604795
292,2020-12-13 12:00:00.000000,2020-12-03 00:00:00.000000,2020-12-24,0.0039473684210526,0.0035163047162775772,0.06749343872070312,"china, ban, australia, australian, exports",3.874132200719552
212,2019-06-07 12:00:00.000000,2019-05-26 00:00:00.000000,2019-06-20,0.0063211125158027,0.005438761693781051,0.6465528011322021,"square, massacre, anniversary, china, remembering",3.87314531910984
525,2019-03-28 00:00:00.000000,2019-03-16 00:00:00.000000,2019-04-09,0.0327520204168439,0.02357782734207508,0.41456568241119385,"christchurch, shooting, gun, new, zealand",3.8584160821832776
391,2019-04-21 00:00:00.000000,2019-04-09 00:00:00.000000,2019-05-03,0.0052654673102237,0.0052654673102237,0.10011827945709229,"april, blog",3.850216284763022
574,2020-03-11 12:00:00.000000,2020-02-28 00:00:00.000000,2020-03-24,0.0077586206896551,0.0055171646827831145,0.2856985926628113,"coronavirus, italy, lockdown, death, toll",3.837065738477872
38,2021-03-11 12:00:00.000000,2021-02-28 00:00:00.000000,2021-03-23,0.0043782837127845,0.0043782837127845,0.39815038442611694,"sydney, covid, street, oxford, scg",3.826483500200493
223,2020-01-22 00:00:00.000000,2020-01-08 00:00:00.000000,2020-02-05,0.0030172413793103,0.0030172413793103,0.5667129755020142,"gutwein, peter, premier, cabinet, analysis",3.822092954722893
423,2019-03-04 00:00:00.000000,2019-02-20 00:00:00.000000,2019-03-16,0.019632949210414,0.01917734914374277,0.16322916746139526,"pell, george, court, guilty, cardinal",3.808584531217669
251,2019-02-09 00:00:00.000000,2019-01-29 00:00:00.000000,2019-02-20,0.0031291908806437,0.002707530859256368,0.3776443600654602,"saudi, escape, state, islamic, shamima",3.7944644431443977
405,2020-06-05 12:00:00.000000,2020-05-27 00:00:00.000000,2020-06-15,0.0046828437633035,0.0046828437633035,0.2541542053222656,"news, digital, corp, newspapers, papers",3.7834667454585795
252,2019-10-08 00:00:00.000000,2019-09-25 00:00:00.000000,2019-10-21,0.0037735849056603,0.0037735849056603,0.6698936223983765,"australian, plead, hawl, help, captives",3.7607337746031155
84,2021-02-18 12:00:00.000000,2021-02-09 00:00:00.000000,2021-02-28,0.0051880674448767,0.0051880674448767,0.919857382774353,"car, crash, angeles, los, accident",3.7584778039812194
504,2019-03-28 00:00:00.000000,2019-03-16 00:00:00.000000,2019-04-09,0.0038281582305401,0.002972014812006594,0.8920570015907288,"pauline, arthur, edited, says, port",3.7578409190995763
314,2019-07-02 12:00:00.000000,2019-06-20 00:00:00.000000,2019-07-15,0.0026917900403768,0.0026917900403768,0.08839178085327148,"phone, ban, schools, phones, students",3.745710967121616
562,2021-09-19 00:00:00.000000,2021-08-17 00:00:00.000000,2021-10-22,0.0096069868995633,0.007415999514798701,0.23298025131225586,"cases, records, new, locally, acquired",3.742860819876145
120,2020-10-16 00:00:00.000000,2020-10-06 00:00:00.000000,2020-10-26,0.0042426813746287,0.0042426813746287,0.0054128170013427734,"ardern, jacinda, election, new, zealand",3.732996384794468
457,2020-04-27 12:00:00.000000,2020-04-17 00:00:00.000000,2020-05-08,0.0209205020920502,0.020475462640397193,0.0960269570350647,"anzac, day, coronavirus, veterans, war",3.731371600018227
183,2019-06-07 12:00:00.000000,2019-05-26 00:00:00.000000,2019-06-20,0.0084281500210703,0.007985856972815494,0.14152300357818604,"afp, abc, raids, raid, says",3.7303425293608377
269,2020-11-04 12:00:00.000000,2020-10-26 00:00:00.000000,2020-11-14,0.0404823428079242,0.03042726134381407,0.21665412187576294,"biden, trump, joe, election, donald",3.7300190793754386
558,2020-08-01 00:00:00.000000,2020-07-22 00:00:00.000000,2020-08-11,0.0051524259338772,0.0051524259338772,0.14984989166259766,"snow, falls, tasmania, ranges, flinders",3.7271621287222163
564,2020-01-22 00:00:00.000000,2020-01-08 00:00:00.000000,2020-02-05,0.0081896551724137,0.00690968523355755,0.32357507944107056,"rain, queensland, west, central, rolleston",3.7224037160724794
154,2020-11-23 12:00:00.000000,2020-11-14 00:00:00.000000,2020-12-03,0.0047250859106529,0.004292574035530029,0.017516136169433594,"bushfire, burn, continues, qld, control",3.714500637804109
71,2019-10-08 00:00:00.000000,2019-09-25 00:00:00.000000,2019-10-21,0.0050314465408805,0.0037273399926008705,0.3955270051956177,"palfreeman, jock, bulgarian, detention, released",3.7124854840184285
78,2021-02-18 12:00:00.000000,2021-02-09 00:00:00.000000,2021-02-28,0.0138348465196714,0.011250730513249173,0.7295277118682861,"crown, casino, government, calls, trump",3.700922468002266
182,2019-10-08 00:00:00.000000,2019-09-25 00:00:00.000000,2019-10-21,0.0083857442348008,0.007513060769431043,0.7046314477920532,"racing, horse, industry, racehorses, slaughter",3.700012938835259
460,2019-09-13 00:00:00.000000,2019-09-01 00:00:00.000000,2019-09-25,0.007362494586401,0.005566038956287055,0.5847355127334595,"hurricane, bahamas, donald, trump, people",3.6962791288894965
483,2020-04-05 00:00:00.000000,2020-03-24 00:00:00.000000,2020-04-17,0.0152638464893153,0.011774967291757582,0.361400842666626,"coronavirus, jobkeeper, wage, unemployment, subsidy",3.6907698068024213
201,2021-01-29 12:00:00.000000,2021-01-19 00:00:00.000000,2021-02-09,0.0080919931856899,0.0080919931856899,0.05540120601654053,"zealand, new, travel, bubble, australia",3.6848996296837333
363,2021-02-18 12:00:00.000000,2021-02-09 00:00:00.000000,2021-02-28,0.004755728491137,0.0039006172328466867,0.9784625768661499,"kelly, party, liberal, quits, government",3.662694061513397
328,2021-07-13 00:00:00.000000,2021-06-08 00:00:00.000000,2021-08-17,0.006959547629404,0.004324677465524257,0.4751189947128296,"variant, strain, restrictions, infectious, explains",3.661961179254164
70,2019-03-28 00:00:00.000000,2019-03-16 00:00:00.000000,2019-04-09,0.0063802637175669,0.005093332434040656,0.7858508825302124,"fraser, anning, egged, teen, egg",3.6591149074549203
577,2020-11-04 12:00:00.000000,2020-10-26 00:00:00.000000,2020-11-14,0.0047372954349698,0.0038854622044187975,0.5144827365875244,"records, new, deaths, zero, melbourne",3.658954154134952
340,2020-05-17 12:00:00.000000,2020-05-08 00:00:00.000000,2020-05-27,0.0031097290093291,0.0031097290093291,0.5812381505966187,"premier, qld, queensland, announces, deputy",3.653881913812172
353,2021-01-06 00:00:00.000000,2020-12-24 00:00:00.000000,2021-01-19,0.0057983942908117,0.0053574480416706885,0.3277604579925537,"sulawesi, indonesia, earthquake, landslide, bodies",3.6508148005648104
149,2020-09-07 00:00:00.000000,2020-08-28 00:00:00.000000,2020-09-17,0.0045852438516048,0.004137966361020907,0.1653255820274353,"afl, gabba, brisbane, know, need",3.649338399149618
350,2020-04-27 12:00:00.000000,2020-04-17 00:00:00.000000,2020-05-08,0.002092050209205,0.0016552184523570697,0.3154333829879761,"turnbull, liberal, party, operates, calls",3.644933141407867
327,2021-03-11 12:00:00.000000,2021-02-28 00:00:00.000000,2021-03-23,0.0026269702276707,0.0026269702276707,0.4735816717147827,"adelaide, covid, coronavirus, strong, result",3.6310259674559746
352,2020-04-27 12:00:00.000000,2020-04-17 00:00:00.000000,2020-05-08,0.003347280334728,0.002909901398226398,0.6485178470611572,"australia, voluntary, administration, set, hands",3.629375237978027
193,2019-11-01 12:00:00.000000,2019-10-21 00:00:00.000000,2019-11-13,0.0061403508771929,0.00487635546151806,0.5682603120803833,"climb, closed, closure, permanently, traditional",3.628333129540932
30,2020-01-22 00:00:00.000000,2020-01-08 00:00:00.000000,2020-02-05,0.0064655172413793,0.005613302578177498,0.1469738483428955,"thursday, wednesday, tuesday, monday, friday",3.6205122929939377
376,2020-05-17 12:00:00.000000,2020-05-08 00:00:00.000000,2020-05-27,0.0039982230119946,0.0039982230119946,0.16950374841690063,"china, trade, tariffs, australia, tariff",3.614929158594767
236,2021-04-30 12:00:00.000000,2021-03-23 00:00:00.000000,2021-06-08,0.0043725404459991,0.0043725404459991,0.4259885549545288,"covid, vaccine, rollout, vaccinated, latest",3.611282332733769
541,2020-12-13 12:00:00.000000,2020-12-03 00:00:00.000000,2020-12-24,0.0052631578947368,0.0052631578947368,0.24429845809936523,"cyclone, fiji, yasa, tropical, shelter",3.610510088253294
230,2021-11-26 00:00:00.000000,2021-10-22 00:00:00.000000,2021-12-31,0.0026052974381241,0.0026052974381241,0.5169599056243896,"migrants, cross, english, coast, worst",3.6091082301121022
565,2020-11-04 12:00:00.000000,2020-10-26 00:00:00.000000,2020-11-14,0.0090439276485788,0.008188443182577514,0.3742023706436157,"south, east, queensland, hail, storms",3.6037045128540566
534,2019-09-13 00:00:00.000000,2019-09-01 00:00:00.000000,2019-09-25,0.0034647033347769,0.0034647033347769,0.26127099990844727,"pool, pools, australias, abc, photo",3.583389360916528
477,2021-09-19 00:00:00.000000,2021-08-17 00:00:00.000000,2021-10-22,0.0122270742358078,0.007406945310875393,0.5135501623153687,"health, hospital, icu, manager, says",3.5630646651727838
41,2020-11-23 12:00:00.000000,2020-11-14 00:00:00.000000,2020-12-03,0.0025773195876288,0.0025773195876288,0.5122624635696411,"covid, nsw, restrictions, pandemic, albury",3.562209051262542
594,2020-03-11 12:00:00.000000,2020-02-28 00:00:00.000000,2020-03-24,0.0081896551724137,0.007740372794885972,0.36916065216064453,"cases, nsw, rise, rises, new",3.5591367770207416
18,2019-02-09 00:00:00.000000,2019-01-29 00:00:00.000000,2019-02-20,0.0017881090746535,0.0017881090746535,,,3.5585269709480634
36,2019-03-28 00:00:00.000000,2019-03-16 00:00:00.000000,2019-04-09,0.0046788600595491,0.0046788600595491,0.6110321283340454,"march, wednesday, tuesday, monday, friday",3.5577548327889854
497,2020-02-16 12:00:00.000000,2020-02-05 00:00:00.000000,2020-02-28,0.0040124832813196,0.003147700780646671,0.7725437879562378,"harvey, weinstein, weinsteins, metoo, verdict",3.552028370161673
527,2020-09-26 12:00:00.000000,2020-09-17 00:00:00.000000,2020-10-06,0.0063636363636363,0.005944318181818212,0.15050828456878662,"emmys, awards, schitts, know, creek",3.549202606340523
495,2020-04-05 00:00:00.000000,2020-03-24 00:00:00.000000,2020-04-17,0.0095944177932839,0.005693022447582158,0.25027430057525635,"coronavirus, food, covid, cooking, farmers",3.5370308790719522
407,2021-04-30 12:00:00.000000,2021-03-23 00:00:00.000000,2021-06-08,0.0039352864013992,0.003056952817495981,0.6591759920120239,"federal, government, build, calls, criticism",3.536250356014356
422,2020-06-24 00:00:00.000000,2020-06-15 00:00:00.000000,2020-07-03,0.0042480883602378,0.003820748748169644,0.5888967514038086,"election, antony, green, voters, byelection",3.531662548965751
552,2020-04-05 00:00:00.000000,2020-03-24 00:00:00.000000,2020-04-17,0.0043610989969472,0.00306403343646907,0.48574090003967285,"childcare, free, government, care, covid",3.52325968845901
490,2020-05-17 12:00:00.000000,2020-05-08 00:00:00.000000,2020-05-27,0.008440693025322,0.005495726462461266,0.5294687747955322,"coronavirus, restrictions, restaurants, restaurant, pubs",3.522827059326546
544,2019-02-09 00:00:00.000000,2019-01-29 00:00:00.000000,2019-02-20,0.0062583817612874,0.004990521557472283,0.7346620559692383,"basin, royal, commission, plan, water",3.514976619272936
300,2020-08-19 12:00:00.000000,2020-08-11 00:00:00.000000,2020-08-28,0.0022271714922048,0.0022271714922048,0.41468876600265503,"covid, scott, coronavirus, pacific, mandatory",3.51325505355286
360,2019-11-25 00:00:00.000000,2019-11-13 00:00:00.000000,2019-12-07,0.0026749888542131,0.002235411919160907,0.5323668718338013,"whytes, public, corruption, whyte, police",3.501035773041864
151,2019-11-25 00:00:00.000000,2019-11-13 00:00:00.000000,2019-12-07,0.0044583147570218,0.0026991933651531906,0.22196364402770996,"smoke, sydney, haze, bushfire, nsw",3.498840561430664
478,2021-03-11 12:00:00.000000,2021-02-28 00:00:00.000000,2021-03-23,0.0043782837127845,0.0039442395106614615,0.46372222900390625,"flights, cheap, tourism, government, discount",3.49079050250276
373,2019-11-25 00:00:00.000000,2019-11-13 00:00:00.000000,2019-12-07,0.0084707980383415,0.007145606450906108,0.4868568181991577,"westpac, laundering, money, austrac, ceo",3.487465672953138
570,2020-07-12 12:00:00.000000,2020-07-03 00:00:00.000000,2020-07-22,0.009927797833935,0.006933518043660758,0.3174781799316406,"lockdown, melbourne, victoria, cases, public",3.484781195883134
267,2020-04-05 00:00:00.000000,2020-03-24 00:00:00.000000,2020-04-17,0.0143916266899258,0.008739208710084876,0.3189660310745239,"coronavirus, cruise, ship, artania, navy",3.4729562429239147
466,2019-03-04 00:00:00.000000,2019-02-20 00:00:00.000000,2019-03-16,0.0025608194622279,0.0025608194622279,0.5454883575439453,"sydney, football, ahead, injunction, despite",3.472438209217166
398,2020-09-26 12:00:00.000000,2020-09-17 00:00:00.000000,2020-10-06,0.0045454545454545,0.0045454545454545,0.42861223220825195,"mortgage, lending, loan, responsible, deferrals",3.4634895793934763
540,2019-07-02 12:00:00.000000,2019-06-20 00:00:00.000000,2019-07-15,0.0013458950201884,0.0013458950201884,0.6549478769302368,"plane, passenger, left, canada, turbulence",3.4593130457501644
232,2019-04-21 00:00:00.000000,2019-04-09 00:00:00.000000,2019-05-03,0.0026327336551118,0.0026327336551118,0.344959020614624,"bashir, omar, sudan, protests, years",3.454786712913729
532,2020-03-11 12:00:00.000000,2020-02-28 00:00:00.000000,2020-03-24,0.0025862068965517,0.0025862068965517,0.38735073804855347,"hospitals, patients, hospital, australian, prepare",3.453976393230577
611,2019-06-07 12:00:00.000000,2019-05-26 00:00:00.000000,2019-06-20,0.0021070375052675,0.0021070375052675,0.3690943717956543,"capsized, capsize, tourist, kills, seven",3.4466422098774676
510,2020-06-05 12:00:00.000000,2020-05-27 00:00:00.000000,2020-06-15,0.0063856960408684,0.0063856960408684,0.2003955841064453,"queens, honours, birthday, victoria, recipients",3.4458746317043065
33,2021-04-30 12:00:00.000000,2021-03-23 00:00:00.000000,2021-06-08,0.0065588106689986,0.0065588106689986,0.5491398572921753,"canal, ship, container, given, stuck",3.4351185617804374
271,2020-10-16 00:00:00.000000,2020-10-06 00:00:00.000000,2020-10-26,0.0021213406873143,0.0021213406873143,0.45604532957077026,"says, brett, authorities, victoria, going",3.4324732189121074
231,2020-11-23 12:00:00.000000,2020-11-14 00:00:00.000000,2020-12-03,0.0060137457044673,0.003852134733894823,0.32196933031082153,"tigray, ethiopia, conflict, ethiopian, eritrea",3.4307645719135693
310,2021-02-18 12:00:00.000000,2021-02-09 00:00:00.000000,2021-02-28,0.0060527453523562,0.003914936713698448,0.28500664234161377,"vaccine, news, live, australia, rollout",3.430224453583022
509,2019-10-08 00:00:00.000000,2019-09-25 00:00:00.000000,2019-10-21,0.0029350104821802,0.0029350104821802,0.41567325592041016,"prize, awarded, economics, prizes, peace",3.4263127727576927
569,2021-01-29 12:00:00.000000,2021-01-19 00:00:00.000000,2021-02-09,0.0029812606473594,0.0025341000318233942,0.6127333045005798,"lift, premier, rules, regional, allowed",3.4220043211999784
75,2020-07-12 12:00:00.000000,2020-07-03 00:00:00.000000,2020-07-22,0.0157942238267148,0.012782550990295087,0.3197172284126282,"coronavirus, masks, face, mask, wear",3.414086169192237
587,2021-07-13 00:00:00.000000,2021-06-08 00:00:00.000000,2021-08-17,0.0095693779904306,0.00605018190157507,0.411648154258728,"nsw, covid, outbreak, regional, sydney",3.411268348628684
73,2019-04-21 00:00:00.000000,2019-04-09 00:00:00.000000,2019-05-03,0.0078982009653356,0.006613708780588033,0.6045691967010498,"julian, assange, wikileaks, embassy, arrested",3.402807624732622
584,2020-04-05 00:00:00.000000,2020-03-24 00:00:00.000000,2020-04-17,0.003052769297863,0.003052769297863,0.3061676621437073,"death, toll, covid, york, new",3.4027383019947224
62,2019-11-01 12:00:00.000000,2019-10-21 00:00:00.000000,2019-11-13,0.0026315789473684,0.0026315789473684,0.40490126609802246,"morning, friday, tuesday, october, nov",3.4007578424471174
106,2019-06-07 12:00:00.000000,2019-05-26 00:00:00.000000,2019-06-20,0.0025284450063211,0.0025284450063211,0.21330666542053223,"kerr, win, matildas, brazil, scored",3.3970736994623
543,2020-12-13 12:00:00.000000,2020-12-03 00:00:00.000000,2020-12-24,0.0043859649122807,0.003954712887844352,0.1549614667892456,"covid, indonesia, indonesian, coronavirus, hospitals",3.39497776302884
226,2020-11-23 12:00:00.000000,2020-11-14 00:00:00.000000,2020-12-03,0.0047250859106529,0.003428666444961822,0.6782199144363403,"wine, china, australian, tariff, tariffs",3.3941345788818493
262,2019-10-08 00:00:00.000000,2019-09-25 00:00:00.000000,2019-10-21,0.0041928721174004,0.002889853684722172,0.8707839846611023,"trump, donald, ukraine, president, transcript",3.3938386980298043
608,2019-11-25 00:00:00.000000,2019-11-13 00:00:00.000000,2019-12-07,0.0057958091841284,0.0057958091841284,0.00617825984954834,"claremont, serial, killings, trial, killer",3.392248364418133
197,2020-04-05 00:00:00.000000,2020-03-24 00:00:00.000000,2020-04-17,0.0021805494984736,0.0021805494984736,0.3673977255821228,"racism, african, discrimination, allege, china",3.381577579921038
185,2020-09-26 12:00:00.000000,2020-09-17 00:00:00.000000,2020-10-06,0.0018181818181818,0.0018181818181818,0.511530876159668,"fines, house, people, party, fined",3.3793765445846056
194,2021-09-19 00:00:00.000000,2021-08-17 00:00:00.000000,2021-10-22,0.0034934497816593,0.003057148281754286,0.008169889450073242,"nuclear, australia, submarine, submarines, deal",3.378582289921011
322,2021-11-26 00:00:00.000000,2021-10-22 00:00:00.000000,2021-12-31,0.0021710811984368,0.0021710811984368,0.6109524965286255,"discrimination, prevent, mean, does, contentious",3.3777336763837895
79,2020-10-16 00:00:00.000000,2020-10-06 00:00:00.000000,2020-10-26,0.0042426813746287,0.0028751243868285438,0.5673844218254089,"bathurst, supercars, race, gisbergen, final",3.3698174743396216
388,2019-12-23 00:00:00.000000,2019-12-07 00:00:00.000000,2020-01-08,0.0097457627118644,0.00839703729417274,0.8613132238388062,"christmas, shopping, westfield, crush, crash",3.36916311058544
100,2020-01-22 00:00:00.000000,2020-01-08 00:00:00.000000,2020-02-05,0.0120689655172413,0.010784070512352781,0.7966418266296387,"open, australian, federer, nadal, roger",3.364480235882308
128,2020-04-05 00:00:00.000000,2020-03-24 00:00:00.000000,2020-04-17,0.0095944177932839,0.0095944177932839,0.20289528369903564,"princess, ruby, coronavirus, nsw, cruise",3.3622724479763098
591,2020-12-13 12:00:00.000000,2020-12-03 00:00:00.000000,2020-12-24,0.0021929824561403,0.0021929824561403,0.8702343702316284,"rock, western, china, prices, trade",3.3612141530432686
147,2019-09-13 00:00:00.000000,2019-09-01 00:00:00.000000,2019-09-25,0.0025985275010827,0.0025985275010827,0.5343607664108276,"boat, water, jetty, whyalla, coast",3.353974083609276
235,2019-04-21 00:00:00.000000,2019-04-09 00:00:00.000000,2019-05-03,0.0035103115401491,0.0035103115401491,0.4223228693008423,"venezuela, military, cares, crisis, calls",3.353449715068883
59,2021-04-30 12:00:00.000000,2021-03-23 00:00:00.000000,2021-06-08,0.0021862702229995,0.0021862702229995,0.5108728408813477,"swan, norman, victorias, discusses, supply",3.3489616529835
335,2020-04-05 00:00:00.000000,2020-03-24 00:00:00.000000,2020-04-17,0.0087221979938944,0.005255798688073523,0.7930632829666138,"australia, news, latest, blog, april",3.3257243747647007
325,2020-04-27 12:00:00.000000,2020-04-17 00:00:00.000000,2020-05-08,0.0129707112970711,0.007697111064721999,0.22121310234069824,"app, tracing, coronavirus, covidsafe, covid",3.3253463684252065
312,2021-07-13 00:00:00.000000,2021-06-08 00:00:00.000000,2021-08-17,0.0143540669856459,0.007306882846796428,0.12400186061859131,"vaccine, australians, vaccinated, nsw, vaccination",3.3240829146242143
469,2020-04-05 00:00:00.000000,2020-03-24 00:00:00.000000,2020-04-17,0.0026166593981683,0.002184683241598666,0.6287063360214233,"australians, cruise, plead, india, argentina",3.31574684934795
576,2020-08-01 00:00:00.000000,2020-07-22 00:00:00.000000,2020-08-11,0.0021468441391155,0.0021468441391155,0.41690313816070557,"new, deaths, news",3.311134120959114
367,2021-04-30 12:00:00.000000,2021-03-23 00:00:00.000000,2021-06-08,0.0017490161783996,0.0017490161783996,0.22966861724853516,"australia, racism, allegations, widespread, neighbours",3.309326561726372
137,2019-08-20 00:00:00.000000,2019-08-08 00:00:00.000000,2019-09-01,0.0026797677534613,0.0026797677534613,0.3925487995147705,"smoking, vaping, anti, urges, think",3.3030941326446404
361,2019-07-27 00:00:00.000000,2019-07-15 00:00:00.000000,2019-08-08,0.0051194539249146,0.003318971248828837,0.34386390447616577,"recycling, skm, landfill, councils, victorian",3.3027531118351487
581,2020-03-11 12:00:00.000000,2020-02-28 00:00:00.000000,2020-03-24,0.0137931034482758,0.009293355985123266,0.0416409969329834,"coronavirus, travel, ban, travellers, tourism",3.2977089141839886
451,2019-03-28 00:00:00.000000,2019-03-16 00:00:00.000000,2019-04-09,0.0068056146320714,0.0068056146320714,0.31425291299819946,"budget, federal, special, surplus, affect",3.2965103140991223
616,2021-04-30 12:00:00.000000,2021-03-23 00:00:00.000000,2021-06-08,0.0052470485351989,0.004807115472382679,0.2239212989807129,"police, cctv, release, footage, shows",3.289256742013716
290,2020-01-22 00:00:00.000000,2020-01-08 00:00:00.000000,2020-02-05,0.0043103448275862,0.003459955035183546,0.7730264663696289,"gold, worker, tasmania, collapse, henty",3.2885152275141234
318,2020-11-23 12:00:00.000000,2020-11-14 00:00:00.000000,2020-12-03,0.0047250859106529,0.004292574035530029,0.26118505001068115,"coronavirus, south, australia, locations, outbreak",3.2877176709016194
166,2019-06-07 12:00:00.000000,2019-05-26 00:00:00.000000,2019-06-20,0.0029498525073746,0.0029498525073746,0.5323615074157715,"suspects, men, attack, disaster, charged",3.2852303369807467
90,2020-09-07 00:00:00.000000,2020-08-28 00:00:00.000000,2020-09-17,0.0083368070029178,0.007887859181456208,0.33405905961990356,"france, tour, wins, stage, roglic",3.278485283264847
539,2021-03-11 12:00:00.000000,2021-02-28 00:00:00.000000,2021-03-23,0.0030647985989492,0.0030647985989492,0.3973855972290039,"grace, tame, goreng, press, club",3.273465281817515
333,2020-10-16 00:00:00.000000,2020-10-06 00:00:00.000000,2020-10-26,0.0097581671616461,0.006555490600644131,0.22874963283538818,"andrews, coronavirus, daniel, victoria, covid",3.2689496667155633
270,2021-11-26 00:00:00.000000,2021-10-22 00:00:00.000000,2021-12-31,0.0017368649587494,0.0017368649587494,0.48819613456726074,"australia, clinics, sydney, stretches, south",3.2607626688388813
296,2020-02-16 12:00:00.000000,2020-02-05 00:00:00.000000,2020-02-28,0.0053499777084262,0.004484043188436211,0.8210882544517517,"germany, climate, war, shut, change",3.260490759770615
491,2020-03-11 12:00:00.000000,2020-02-28 00:00:00.000000,2020-03-24,0.0021551724137931,0.0021551724137931,0.4209778308868408,"business, small, businesses, hits, hit",3.259749124847151
104,2019-08-20 00:00:00.000000,2019-08-08 00:00:00.000000,2019-09-01,0.0080393032603841,0.0080393032603841,0.4873061776161194,"jeffrey, epstein, death, jail, epsteins",3.2459023149693023
103,2019-09-13 00:00:00.000000,2019-09-01 00:00:00.000000,2019-09-25,0.0021654395842356,0.0021654395842356,0.4540201425552368,"nsw, swifts, netball, super, final",3.240014480177451
404,2019-03-28 00:00:00.000000,2019-03-16 00:00:00.000000,2019-04-09,0.0029774564015312,0.0025495649952166056,0.27036142349243164,"wage, minimum, living, growth, political",3.239590308160973
287,2019-03-04 00:00:00.000000,2019-02-20 00:00:00.000000,2019-03-16,0.0034144259496372,0.0034144259496372,0.22160500288009644,"students, strike, schools, protest, sydney",3.2362356787772018
25,2019-06-07 12:00:00.000000,2019-05-26 00:00:00.000000,2019-06-20,0.0033712600084281,0.0033712600084281,0.7335865497589111,"wednesday, tuesday, monday",3.2353289744005957
141,2019-07-27 00:00:00.000000,2019-07-15 00:00:00.000000,2019-08-08,0.0025597269624573,0.002110148609559379,0.4180605411529541,"combustible, reveal, removal, buildings, victorian",3.2325775681441504
98,2020-09-07 00:00:00.000000,2020-08-28 00:00:00.000000,2020-09-17,0.0025010421008753,0.0025010421008753,0.37305331230163574,"open, australias, tennis, charges, final",3.227795088505321
110,2019-05-14 12:00:00.000000,2019-05-03 00:00:00.000000,2019-05-26,0.0026327336551118,0.0026327336551118,0.5001286864280701,"ramadan, explained, fasting, ostrich, china",3.226953538566955
410,2020-11-23 12:00:00.000000,2020-11-14 00:00:00.000000,2020-12-03,0.0025773195876288,0.0025773195876288,0.389739453792572,"elephant, india, worlds, loneliest, cambodia",3.223854736092404
520,2019-08-20 00:00:00.000000,2019-08-08 00:00:00.000000,2019-09-01,0.004019651630192,0.003591498260626942,0.3456275463104248,"antarctica, glacier, iceland, arctic, cores",3.223770851262043
57,2019-07-27 00:00:00.000000,2019-07-15 00:00:00.000000,2019-08-08,0.0098122866894197,0.008003397685050005,0.7218891382217407,"johnson, boris, minister, prime, says",3.218098171129018
551,2020-07-12 12:00:00.000000,2020-07-03 00:00:00.000000,2020-07-22,0.0022563176895306,0.00183073114274108,0.012956976890563965,"coronavirus, health, mental, anxiety, covid",3.2178634510535695
54,2019-12-23 00:00:00.000000,2019-12-07 00:00:00.000000,2020-01-08,0.0033898305084745,0.0029426870902444268,0.49038970470428467,"nols, cns, pmdefends, newrfs, newpm",3.211700751885838
560,2019-12-23 00:00:00.000000,2019-12-07 00:00:00.000000,2020-01-08,0.0127118644067796,0.00821691605166744,0.37165915966033936,"heatwave, record, australia, weather, heat",3.210623852375328
306,2021-03-11 12:00:00.000000,2021-02-28 00:00:00.000000,2021-03-23,0.0052539404553415,0.0052539404553415,0.12066549062728882,"astrazeneca, blood, clots, rollout, concerns",3.202750921494602
413,2021-02-18 12:00:00.000000,2021-02-09 00:00:00.000000,2021-02-28,0.0073497622135754,0.005209197482989856,0.5335351228713989,"jobseeker, jobkeeper, changes, week, ato",3.1985194929500644
356,2020-11-04 12:00:00.000000,2020-10-26 00:00:00.000000,2020-11-14,0.0030146425495262,0.002589275864814857,0.4265594482421875,"fitzgibbon, joel, shadow, cabinet, labor",3.1965158605477666
289,2020-08-01 00:00:00.000000,2020-07-22 00:00:00.000000,2020-08-11,0.0017174753112924,0.0017174753112924,0.7155889868736267,"alluring, continues, investors, price, boom",3.1962190938631214
31,2020-02-16 12:00:00.000000,2020-02-05 00:00:00.000000,2020-02-28,0.0062416406598305,0.00537493812696247,0.19302207231521606,"february, thursday, wednesday, tuesday, monday",3.185965928401533
443,2019-11-01 12:00:00.000000,2019-10-21 00:00:00.000000,2019-11-13,0.0026315789473684,0.0026315789473684,0.637287437915802,"election, post, mortem, wrong, went",3.170921486428964
522,2020-02-16 12:00:00.000000,2020-02-05 00:00:00.000000,2020-02-28,0.0115916183682568,0.009416152522303564,0.6894271373748779,"interview, extended, business, speaks, paul",3.1703915264047993
297,2020-08-19 12:00:00.000000,2020-08-11 00:00:00.000000,2020-08-28,0.0044543429844097,0.0040232466998670335,0.5567054748535156,"power, renting, future, plants, virtual",3.166686364036453
395,2021-04-30 12:00:00.000000,2021-03-23 00:00:00.000000,2021-06-08,0.0065588106689986,0.004799092468528359,0.6064223051071167,"frydenberg, josh, treasurer, andrew, budget",3.1653748672383073
56,2020-04-05 00:00:00.000000,2020-03-24 00:00:00.000000,2020-04-17,0.0061055385957261,0.0035102534574740366,0.49606454372406006,"coronavirus, johnson, icu, hospital, improving",3.163190450871081
465,2021-07-13 00:00:00.000000,2021-06-08 00:00:00.000000,2021-08-17,0.005219660722053,0.0034645849285619063,0.6151135563850403,"restrictions, sydney, tougher, reopening, nsw",3.1581374022006092
192,2020-11-04 12:00:00.000000,2020-10-26 00:00:00.000000,2020-11-14,0.0047372954349698,0.0047372954349698,0.4985083341598511,"philippines, goni, strongest, threatening, vamco",3.146728627533149
415,2019-10-08 00:00:00.000000,2019-09-25 00:00:00.000000,2019-10-21,0.0029350104821802,0.0020670442247313603,0.8081306219100952,"swine, african, pork, prices, producer",3.1467249139130997
156,2020-06-05 12:00:00.000000,2020-05-27 00:00:00.000000,2020-06-15,0.0042571306939123,0.002920497423246068,0.41255658864974976,"gyms, coronavirus, nsw, restrictions, lifted",3.143193242716094
61,2019-06-07 12:00:00.000000,2019-05-26 00:00:00.000000,2019-06-20,0.0033712600084281,0.0033712600084281,0.7393494844436646,"tuesday, wednesday",3.1388037802748423
102,2020-09-26 12:00:00.000000,2020-09-17 00:00:00.000000,2020-10-06,0.0022727272727272,0.001855113636363658,0.6581342816352844,"super, jemma, indigenous, oppportunity, missed",3.136544066054912
93,2020-01-22 00:00:00.000000,2020-01-08 00:00:00.000000,2020-02-05,0.0038793103448275,0.003454117921979225,0.04726886749267578,"tennis, open, australian, players, playing",3.1281763106822744
299,2019-09-13 00:00:00.000000,2019-09-01 00:00:00.000000,2019-09-25,0.0017323516673884,0.0017323516673884,0.38210874795913696,"make, switching, provider, energy, prices",3.127534119806031
133,2019-06-07 12:00:00.000000,2019-05-26 00:00:00.000000,2019-06-20,0.0058997050147492,0.0054585209336024286,0.05657529830932617,"matildas, world, cup, womens, brazil",3.122314206340401
74,2019-02-09 00:00:00.000000,2019-01-29 00:00:00.000000,2019-02-20,0.0084935181046043,0.003849973232628346,0.5128057599067688,"hakeem, araibi, australia, alaraibi, thai",3.115651962895349
304,2021-01-06 00:00:00.000000,2020-12-24 00:00:00.000000,2021-01-19,0.0040142729705619,0.0035741088877164814,0.26054972410202026,"covid, vaccine, oxford, pfizer, vaccines",3.1132254681162603
5,2019-07-27 00:00:00.000000,2019-07-15 00:00:00.000000,2019-08-08,0.0017064846416382,0.0017064846416382,,,3.1128872803103556
479,2020-03-11 12:00:00.000000,2020-02-28 00:00:00.000000,2020-03-24,0.0068965517241379,0.005999539205898204,0.9412220120429993,"coronavirus, workers, cuts, capacity, staff",3.1112044098134324
200,2019-07-02 12:00:00.000000,2019-06-20 00:00:00.000000,2019-07-15,0.0013458950201884,0.0013458950201884,0.7864701747894287,"gunn, point, military, marines, proposed",3.1063250873182637
39,2020-11-23 12:00:00.000000,2020-11-14 00:00:00.000000,2020-12-03,0.0017182130584192,0.0017182130584192,0.24373048543930054,"markets, eleanor, creagh, wednesday, thursday",3.105267577548408
397,2019-06-07 12:00:00.000000,2019-05-26 00:00:00.000000,2019-06-20,0.0033712600084281,0.0033712600084281,0.5391039252281189,"briefing, morning, june, news, regional",3.10490112911238
142,2019-12-23 00:00:00.000000,2019-12-07 00:00:00.000000,2020-01-08,0.0042372881355932,0.00334264467177537,0.7000688910484314,"years, eve, new, sydney, adelaide",3.096889166080919
452,2019-07-02 12:00:00.000000,2019-06-20 00:00:00.000000,2019-07-15,0.0040376850605652,0.0036147542749457723,0.35594016313552856,"cuts, cut, spending, boost, explained",3.0964909544305828
412,2021-09-19 00:00:00.000000,2021-08-17 00:00:00.000000,2021-10-22,0.0026200873362445,0.0026200873362445,0.7284411787986755,"rate, falls, people, news, time",3.0955923400392766
153,2020-06-05 12:00:00.000000,2020-05-27 00:00:00.000000,2020-06-15,0.0017028522775649,0.0017028522775649,0.7079625725746155,"dies, man, morris, unit, tyaak",3.09010679057674
482,2021-02-18 12:00:00.000000,2021-02-09 00:00:00.000000,2021-02-28,0.0017293558149589,0.0017293558149589,0.6021533012390137,"skin, check, national, rockhampton, day",3.0799488208710915
301,2021-11-26 00:00:00.000000,2021-10-22 00:00:00.000000,2021-12-31,0.0030395136778115,0.0017272072927119481,0.7964712381362915,"health, minister, wont, kids, says",3.076133475785798
582,2019-05-14 12:00:00.000000,2019-05-03 00:00:00.000000,2019-05-26,0.0039491004826678,0.0035087719298245736,0.3567148447036743,"sex, taiwan, marriage, legalises, gay",3.0655188281897336
623,2019-11-25 00:00:00.000000,2019-11-13 00:00:00.000000,2019-12-07,0.0022291573785109,0.0022291573785109,0.446869432926178,"court, assault, indecent, case, told",3.0609416626495176
171,2019-10-08 00:00:00.000000,2019-09-25 00:00:00.000000,2019-10-21,0.0054507337526205,0.0028448139243199915,0.0,"latest, headlines, abc, seconds",3.057648721316282
609,2019-11-25 00:00:00.000000,2019-11-13 00:00:00.000000,2019-12-07,0.0053499777084262,0.0044688646692426955,0.9072960019111633,"edwards, claremont, serial, bradley, killer",3.055350053750085
358,2021-02-18 12:00:00.000000,2021-02-09 00:00:00.000000,2021-02-28,0.0034587116299178,0.0030315261417824656,0.16049647331237793,"frogs, cane, baby, booroolong, toad",3.0422111082570846
241,2020-11-04 12:00:00.000000,2020-10-26 00:00:00.000000,2020-11-14,0.0017226528854435,0.0017226528854435,0.4183109998703003,"codes, concerns, privacy, venues, nsw",3.040622009535529
256,2021-04-30 12:00:00.000000,2021-03-23 00:00:00.000000,2021-06-08,0.0013117621337997,0.0013117621337997,0.4522092342376709,"june, july, april, august",3.038806720122372
28,2019-02-09 00:00:00.000000,2019-01-29 00:00:00.000000,2019-02-20,0.0013410818059901,0.0013410818059901,0.0,"news, making, issues, regional, areas",3.0373389266457798
47,2019-02-09 00:00:00.000000,2019-01-29 00:00:00.000000,2019-02-20,0.0013410818059901,0.0013410818059901,-2.384185791015625e-07,"october, march, august, september, november",3.037119892269934
489,2019-03-04 00:00:00.000000,2019-02-20 00:00:00.000000,2019-03-16,0.0034144259496372,0.0029660727655668523,0.49121296405792236,"mothers, babies, women, guilt, parenting",3.0329705767349373
284,2020-10-16 00:00:00.000000,2020-10-06 00:00:00.000000,2020-10-26,0.0016970725498515,0.0016970725498515,0.35168880224227905,"fracking, protesters, anti, hole, drill",3.026299556046244
173,2020-03-11 12:00:00.000000,2020-02-28 00:00:00.000000,2020-03-24,0.0025862068965517,0.002139421599360808,0.49524760246276855,"fashion, tips, clothes, ethically, sustainable",3.021123214045038
108,2021-03-11 12:00:00.000000,2021-02-28 00:00:00.000000,2021-03-23,0.015323992994746,0.011388628680812965,0.5018946528434753,"meghan, harry, interview, markle, oprah",3.019999705678595
578,2020-08-01 00:00:00.000000,2020-07-22 00:00:00.000000,2020-08-11,0.0012881064834693,0.0012881064834693,0.6597238779067993,"north, defector, bringing, blames, south",3.0198375058838733
259,2020-08-19 12:00:00.000000,2020-08-11 00:00:00.000000,2020-08-28,0.0048997772828507,0.0048997772828507,0.337468683719635,"harris, biden, joe, donald, trump",3.0186842483346834
298,2020-02-16 12:00:00.000000,2020-02-05 00:00:00.000000,2020-02-28,0.0022291573785109,0.0022291573785109,0.48776304721832275,"renewable, energy, renewables, scale, lack",3.0159982067069335
19,2019-02-09 00:00:00.000000,2019-01-29 00:00:00.000000,2019-02-20,0.0013410818059901,0.0013410818059901,,,3.0143932918488403
602,2021-07-13 00:00:00.000000,2021-06-08 00:00:00.000000,2021-08-17,0.003479773814702,0.0030411899974753078,0.10578036308288574,"sydney, south, officers, west, operation",3.0099594135970773
179,2020-11-23 12:00:00.000000,2020-11-14 00:00:00.000000,2020-12-03,0.0030068728522336,0.0030068728522336,0.011383056640625,"leader, harvey, liza, kirkup, zak",3.0057791090834867
58,2020-08-19 12:00:00.000000,2020-08-11 00:00:00.000000,2020-08-28,0.0022271714922048,0.0017970310752553557,0.9891470670700073,"south, cancelled, christmas, parade, australian",3.001780559147566
44,2021-09-19 00:00:00.000000,2021-08-17 00:00:00.000000,2021-10-22,0.0131004366812227,0.006968397721630422,0.6062847971916199,"berejiklian, gladys, icac, premier, berejiklians",2.9972898860335215
278,2019-07-02 12:00:00.000000,2019-06-20 00:00:00.000000,2019-07-15,0.0022431583669807,0.0022431583669807,0.9123557806015015,"boom, price, record, unwind, delivering",2.996394237414226
242,2021-07-13 00:00:00.000000,2021-06-08 00:00:00.000000,2021-08-17,0.0200086994345367,0.016896205582731316,0.6104408502578735,"taliban, afghanistan, afghan, kabul, control",2.99281735186928
421,2020-11-04 12:00:00.000000,2020-10-26 00:00:00.000000,2020-11-14,0.0047372954349698,0.004311198193479219,0.25904470682144165,"green, antony, election, biden, trump",2.982102443295178
382,2019-12-23 00:00:00.000000,2019-12-07 00:00:00.000000,2020-01-08,0.0042372881355932,0.0037897670624490814,0.17631810903549194,"nicola, commission, royal, informer, lawyer",2.9816162413816025
72,2021-01-29 12:00:00.000000,2021-01-19 00:00:00.000000,2021-02-09,0.0025553662691652,0.0025553662691652,0.5486104488372803,"abuse, leifer, sex, malka, child",2.981424262248572
571,2020-11-23 12:00:00.000000,2020-11-14 00:00:00.000000,2020-12-03,0.0030068728522336,0.0025751006297402676,0.6940330266952515,"lockdown, coronavirus, covid, explained, nick",2.97956098682339
168,2019-08-20 00:00:00.000000,2019-08-08 00:00:00.000000,2019-09-01,0.0022331397945511,0.0018057482637219235,0.4951939582824707,"kong, hong, water, crowds, cannons",2.97624793636454
293,2021-09-19 00:00:00.000000,2021-08-17 00:00:00.000000,2021-10-22,0.0021834061135371,0.0021834061135371,0.6766625642776489,"pledges, federal, woodside, cut, nsw",2.974604036797136
364,2020-06-05 12:00:00.000000,2020-05-27 00:00:00.000000,2020-06-15,0.0025542784163473,0.0025542784163473,0.32887881994247437,"turtle, green, sea, turtles, gender",2.969703062483236
136,2020-06-05 12:00:00.000000,2020-05-27 00:00:00.000000,2020-06-15,0.0110685398041719,0.00838071914009351,0.9022164940834045,"nrl, broncos, parramatta, brisbane, roosters",2.9623439598457475
175,2019-07-02 12:00:00.000000,2019-06-20 00:00:00.000000,2019-07-15,0.0044863167339614,0.004063196971225967,0.2338958978652954,"nbn, telstra, outage, killed, dream",2.9604733757732693
244,2019-09-13 00:00:00.000000,2019-09-01 00:00:00.000000,2019-09-25,0.0021654395842356,0.0021654395842356,0.18587476015090942,"netanyahu, election, benjamin, israel, tricks",2.957313353231246
66,2020-09-07 00:00:00.000000,2020-08-28 00:00:00.000000,2020-09-17,0.0066694456023343,0.005326025523683538,0.2953372001647949,"koalas, koala, nsw, bushfire, nationals",2.9524221933237933
351,2019-04-21 00:00:00.000000,2019-04-09 00:00:00.000000,2019-05-03,0.0026327336551118,0.002206444227537414,0.5055354833602905,"peter, ali, france, dickson, labor",2.9448376502129334
600,2021-09-19 00:00:00.000000,2021-08-17 00:00:00.000000,2021-10-22,0.0017467248908296,0.0017467248908296,0.28621792793273926,"dolphin, locals, team, dolphins, playful",2.9443199717079076
249,2019-06-07 12:00:00.000000,2019-05-26 00:00:00.000000,2019-06-20,0.0033712600084281,0.0024914956419148887,0.8153198957443237,"oil, attacks, gulf, tankers, iran",2.935020311780781
50,2021-04-30 12:00:00.000000,2021-03-23 00:00:00.000000,2021-06-08,0.0013117621337997,0.0013117621337997,0.487304151058197,"premier, case, covid, ship, allegra",2.9332537732024666
89,2020-01-22 00:00:00.000000,2020-01-08 00:00:00.000000,2020-02-05,0.0112068965517241,0.010350667172764174,0.4944436550140381,"ash, australian, open, tennis, young",2.9314724710946076
440,2020-03-11 12:00:00.000000,2020-02-28 00:00:00.000000,2020-03-24,0.0038793103448275,0.0038793103448275,0.20309889316558838,"coronavirus, rent, property, market, unemployment",2.9293266177984023
259,2020-11-04 12:00:00.000000,2020-10-26 00:00:00.000000,2020-11-14,0.0051679586563307,0.00474167877564531,0.20186281204223633,"harris, biden, joe, election, president",2.921469618812413
22,2019-11-01 12:00:00.000000,2019-10-21 00:00:00.000000,2019-11-13,0.0043859649122807,0.0043859649122807,0.0036780834197998047,"tuesday, friday, wednesday, thursday, monday",2.919085670574183
500,2020-03-11 12:00:00.000000,2020-02-28 00:00:00.000000,2020-03-24,0.0021551724137931,0.0017085791997050416,0.5150162577629089,"economy, cost, australias, richard, hinds",2.9169260320775763
258,2019-06-07 12:00:00.000000,2019-05-26 00:00:00.000000,2019-06-20,0.0105351875263379,0.0065601802327465725,0.5957924723625183,"albanese, setka, anthony, labor, john",2.916851661388314
347,2021-11-26 00:00:00.000000,2021-10-22 00:00:00.000000,2021-12-31,0.0017368649587494,0.0017368649587494,0.7327767014503479,"rejects, claims, target, people, told",2.9145838586570196
414,2020-05-17 12:00:00.000000,2020-05-08 00:00:00.000000,2020-05-27,0.0026654820079964,0.0026654820079964,0.3548760414123535,"charity, charities, raise, digger, sells",2.9085699037901143
237,2019-03-04 00:00:00.000000,2019-02-20 00:00:00.000000,2019-03-16,0.0051216389244558,0.0037754938723248976,0.9877620935440063,"pakistan, indian, kashmir, pilot, india",2.908529091637966
180,2021-02-18 12:00:00.000000,2021-02-09 00:00:00.000000,2021-02-28,0.0021616947686986,0.0021616947686986,0.38681459426879883,"implant, cochlear, dredge, zia, girl",2.907672198825449
572,2020-04-27 12:00:00.000000,2020-04-17 00:00:00.000000,2020-05-08,0.001673640167364,0.001673640167364,0.23382949829101562,"brazil, coronavirus, covid, region, lockdown",2.9031170560943083
261,2020-06-05 12:00:00.000000,2020-05-27 00:00:00.000000,2020-06-15,0.0102171136653895,0.008425154261991979,0.46175700426101685,"protesters, protest, police, sydney, rally",2.900604192537399
575,2020-08-19 12:00:00.000000,2020-08-11 00:00:00.000000,2020-08-28,0.0044543429844097,0.001873303987447619,0.4952051639556885,"deaths, new, update, covid, rise",2.8918173338401862
613,2020-09-07 00:00:00.000000,2020-08-28 00:00:00.000000,2020-09-17,0.0025010421008753,0.002054692571890129,0.390674889087677,"missing, men, boat, search, alive",2.890199244205997
309,2021-07-13 00:00:00.000000,2021-06-08 00:00:00.000000,2021-08-17,0.0056546324488908,0.0025859391502238284,0.7577819228172302,"doses, million, arrive, nsw, says",2.8817713073932065
166,2020-03-11 12:00:00.000000,2020-02-28 00:00:00.000000,2020-03-24,0.0025862068965517,0.0025862068965517,0.3588508367538452,"trial, victims, families, prepare, amsterdam",2.8801854083643796
287,2019-09-13 00:00:00.000000,2019-09-01 00:00:00.000000,2019-09-25,0.0030316154179298,0.0030316154179298,0.7280995845794678,"school, youth, students, atlassian, day",2.8733439429422907
134,2019-06-07 12:00:00.000000,2019-05-26 00:00:00.000000,2019-06-20,0.001685630004214,0.001685630004214,0.27308619022369385,"milicic, matildas, coach, problem, solve",2.8705908417697317
86,2019-04-21 00:00:00.000000,2019-04-09 00:00:00.000000,2019-05-03,0.0052654673102237,0.0052654673102237,0.45188409090042114,"folau, rugby, australia, notice, breach",2.8648023518573527
389,2020-12-13 12:00:00.000000,2020-12-03 00:00:00.000000,2020-12-24,0.0021929824561403,0.0021929824561403,0.47599995136260986,"young, casual, working, fun, living",2.8640313532844686
381,2019-07-27 00:00:00.000000,2019-07-15 00:00:00.000000,2019-08-08,0.0034129692832764,0.0029630083105036723,0.30800747871398926,"lawyer, commission, royal, police, audio",2.8634541049844433
23,2020-11-04 12:00:00.000000,2020-10-26 00:00:00.000000,2020-11-14,0.0021533161068044,0.0021533161068044,0.523913562297821,"sunday, program, november, wrap, weeks",2.8545099187961736
336,2020-09-26 12:00:00.000000,2020-09-17 00:00:00.000000,2020-10-06,0.0027272727272727,0.0027272727272727,0.7906530499458313,"parliament, hears, wagga, corruption, hearings",2.8544548151398383
475,2019-07-27 00:00:00.000000,2019-07-15 00:00:00.000000,2019-08-08,0.0025597269624573,0.0025597269624573,0.6625989675521851,"therapy, lego, mackay, challenge, people",2.8486030818754937
592,2019-04-21 00:00:00.000000,2019-04-09 00:00:00.000000,2019-05-03,0.007459412022817,0.005748228308128629,0.5190396308898926,"fish, darling, salmon, fishing, prevent",2.8484722750984033
402,2021-02-18 12:00:00.000000,2021-02-09 00:00:00.000000,2021-02-28,0.0021616947686986,0.0021616947686986,0.4704502820968628,"big, bank, neobanks, boq, buying",2.84144462639378
145,2019-04-21 00:00:00.000000,2019-04-09 00:00:00.000000,2019-05-03,0.0017551557700745,0.0017551557700745,0.24611324071884155,"goal, barcelona, league, messi, champions",2.832231146755529
178,2021-01-06 00:00:00.000000,2020-12-24 00:00:00.000000,2021-01-19,0.0049063336306868,0.0035858259649434645,0.4051990509033203,"alexei, navalny, critic, kremlin, arrest",2.8313686463998335
10,2020-10-16 00:00:00.000000,2020-10-06 00:00:00.000000,2020-10-26,0.0012728044123886,0.0012728044123886,,,2.8289908420184307
279,2019-11-25 00:00:00.000000,2019-11-13 00:00:00.000000,2019-12-07,0.0022291573785109,0.0022291573785109,0.13742315769195557,"electricity, homes, sydney, blackout, power",2.828122570864992
198,2020-06-05 12:00:00.000000,2020-05-27 00:00:00.000000,2020-06-15,0.0017028522775649,0.0017028522775649,0.5085541605949402,"stolen, generations, healing, trauma, hill",2.8268766258593114
0,2020-02-16 12:00:00.000000,2020-02-05 00:00:00.000000,2020-02-28,0.0017833259028087,0.0017833259028087,,,2.8267352521404394
538,2020-03-11 12:00:00.000000,2020-02-28 00:00:00.000000,2020-03-24,0.0038793103448275,0.0038793103448275,0.47458136081695557,"tasmania, case, confirmed, new, cases",2.8257028907611645
344,2019-08-20 00:00:00.000000,2019-08-08 00:00:00.000000,2019-09-01,0.0017865118356409,0.0017865118356409,0.5811488628387451,"ethics, rules, trudeau, fed, breach",2.824440272689
533,2020-12-13 12:00:00.000000,2020-12-03 00:00:00.000000,2020-12-24,0.0030701754385964,0.0026394883731440297,0.23131799697875977,"erosion, island, bribie, beach, causes",2.8223497410039875
248,2021-03-11 12:00:00.000000,2021-02-28 00:00:00.000000,2021-03-23,0.0013134851138353,0.0013134851138353,0.7534463405609131,"change, rate, process, preparing, goes",2.8184570681863064
178,2020-08-19 12:00:00.000000,2020-08-11 00:00:00.000000,2020-08-28,0.0035634743875278,0.0035634743875278,0.34547460079193115,"russia, poisoning, germany, poisoned, opposition",2.8137670541424127
111,2021-01-06 00:00:00.000000,2020-12-24 00:00:00.000000,2021-01-19,0.0035682426404995,0.0022494933072005627,0.6692476272583008,"heat, win, big, bash, hurricanes",2.812018506471883
365,2019-03-04 00:00:00.000000,2019-02-20 00:00:00.000000,2019-03-16,0.0012804097311139,0.0012804097311139,0.38497889041900635,"time, screen, kids, power, mentor",2.810930885654846
383,2021-11-26 00:00:00.000000,2021-10-22 00:00:00.000000,2021-12-31,0.001302648719062,0.001302648719062,0.8454932570457458,"old, muttamas, redevelopment, muttama, unveils",2.8103126729746117
127,2021-07-13 00:00:00.000000,2021-06-08 00:00:00.000000,2021-08-17,0.0117442366246194,0.007339603465609327,0.3058309555053711,"tokyo, olympic, olympics, games, athletes",2.8097746338922227
168,2020-06-05 12:00:00.000000,2020-05-27 00:00:00.000000,2020-06-15,0.0017028522775649,0.0017028522775649,0.7852628231048584,"yard, long, fired, gas, jail",2.8066367135669403
472,2020-03-11 12:00:00.000000,2020-02-28 00:00:00.000000,2020-03-24,0.0021551724137931,0.0021551724137931,0.5077139139175415,"home, work, employees, staff, return",2.806190643275078
566,2020-05-17 12:00:00.000000,2020-05-08 00:00:00.000000,2020-05-27,0.0022212350066637,0.0022212350066637,0.5006260275840759,"tornado, geelong, bunbury, buildings, destroyed",2.8059714405157794
621,2021-09-19 00:00:00.000000,2021-08-17 00:00:00.000000,2021-10-22,0.0030567685589519,0.0030567685589519,0.37801432609558105,"harassment, sexual, claims, faces, rife",2.799706089655482
76,2019-07-02 12:00:00.000000,2019-06-20 00:00:00.000000,2019-07-15,0.0121130551816958,0.009984978951288628,0.3738357424736023,"sigley, alek, north, korea, kim",2.7988434152946486
387,2019-12-23 00:00:00.000000,2019-12-07 00:00:00.000000,2020-01-08,0.0021186440677966,0.0021186440677966,0.6192716360092163,"bat, wraps, guides, sew, girl",2.7981823715404204
524,2019-09-13 00:00:00.000000,2019-09-01 00:00:00.000000,2019-09-25,0.0025985275010827,0.0025985275010827,0.7812056541442871,"prevention, support, students, day, anu",2.7958053581468354
62,2020-01-22 00:00:00.000000,2020-01-08 00:00:00.000000,2020-02-05,0.0025862068965517,0.0021615621668200184,0.4717273712158203,"january, jan, tuesday, monday",2.7957698094258077
563,2020-02-16 12:00:00.000000,2020-02-05 00:00:00.000000,2020-02-28,0.016941596076683,0.013011808887035105,0.09413254261016846,"flooding, rain, queensland, flood, flash",2.795149061837384
158,2019-02-09 00:00:00.000000,2019-01-29 00:00:00.000000,2019-02-20,0.0013410818059901,0.0013410818059901,0.42202848196029663,"using, toothpaste, mouth, foot, disease",2.790901010505295
82,2021-09-19 00:00:00.000000,2021-08-17 00:00:00.000000,2021-10-22,0.0021834061135371,0.0021834061135371,0.582812488079071,"slam, golden, open, completes, true",2.7868779574214897
575,2020-07-12 12:00:00.000000,2020-07-03 00:00:00.000000,2020-07-22,0.0018050541516245,0.0018050541516245,0.509905993938446,"rise, deaths, people, die, man",2.786448336744974
454,2020-06-24 00:00:00.000000,2020-06-15 00:00:00.000000,2020-07-03,0.0021240441801189,0.0016976084166380287,0.8598109483718872,"coast, worship, photographer, easing, hollywood",2.784146716914865
549,2019-11-01 12:00:00.000000,2019-10-21 00:00:00.000000,2019-11-13,0.0122807017543859,0.005953947368421018,0.43757253885269165,"drought, farmers, federal, moira, government",2.780563546413131
528,2020-02-16 12:00:00.000000,2020-02-05 00:00:00.000000,2020-02-28,0.0080249665626393,0.005424730191454528,0.283719539642334,"oscars, best, parasite, academy, awards",2.7793577510060548
430,2019-11-01 12:00:00.000000,2019-10-21 00:00:00.000000,2019-11-13,0.0052631578947368,0.004000264480296202,0.7180559039115906,"birds, bird, loudest, worlds, mating",2.775716265561224
42,2019-11-25 00:00:00.000000,2019-11-13 00:00:00.000000,2019-12-07,0.0022291573785109,0.0022291573785109,0.5437581539154053,"jacqui, joins, insiders, repeal, coalition",2.7742352726355466
162,2019-12-23 00:00:00.000000,2019-12-07 00:00:00.000000,2020-01-08,0.0826271186440678,0.032015566136270324,0.15128934383392334,"bushfire, bushfires, nsw, victoria, fires",2.76775844741272
559,2020-01-22 00:00:00.000000,2020-01-08 00:00:00.000000,2020-02-05,0.0030172413793103,0.002592414085206421,0.3817490339279175,"storm, household, nsw, victoria, queensland",2.7672663099320216
439,2019-08-20 00:00:00.000000,2019-08-08 00:00:00.000000,2019-09-01,0.0013398838767306,0.0013398838767306,0.37937068939208984,"vegan, save, environment, diet, veganism",2.767184099380173
334,2020-04-27 12:00:00.000000,2020-04-17 00:00:00.000000,2020-05-08,0.002928870292887,0.002928870292887,0.8662380576133728,"remdesivir, defends",2.7648929627371563
308,2020-12-13 12:00:00.000000,2020-12-03 00:00:00.000000,2020-12-24,0.0074561403508771,0.006159543001648205,0.8505920171737671,"dies, aged, pride, charley, country",2.7634455177705632
406,2019-07-27 00:00:00.000000,2019-07-15 00:00:00.000000,2019-08-08,0.0042662116040955,0.0042662116040955,0.2333892583847046,"news, sydney, abc, local, seachange",2.7627206616508815
238,2019-11-01 12:00:00.000000,2019-10-21 00:00:00.000000,2019-11-13,0.0043859649122807,0.003965015220364448,0.3411968946456909,"timber, native, logging, victoria, tree",2.762506036298015
312,2021-02-18 12:00:00.000000,2021-02-09 00:00:00.000000,2021-02-28,0.0086467790747946,0.0060758866897272,0.15583312511444092,"vaccine, australia, covid, rollout, australias",2.759566800802498
566,2021-09-19 00:00:00.000000,2021-08-17 00:00:00.000000,2021-10-22,0.0026200873362445,0.0021841655591418405,0.5467401146888733,"damaged, homes, west, central, nsw",2.7584151530577263
522,2019-02-09 00:00:00.000000,2019-01-29 00:00:00.000000,2019-02-20,0.0107286544479213,0.008184874277330952,0.7111274003982544,"business, speaks, interview, extended, andy",2.7570004794442875
121,2019-08-20 00:00:00.000000,2019-08-08 00:00:00.000000,2019-09-01,0.0035730236712818,0.002717462696284982,0.8259841203689575,"nuclear, russia, test, rocket, russian",2.756621436071292
459,2019-07-02 12:00:00.000000,2019-06-20 00:00:00.000000,2019-07-15,0.0085240017945266,0.006826864223143375,0.7787437438964844,"care, aged, commission, royal, home",2.752522744518754
225,2021-11-26 00:00:00.000000,2021-10-22 00:00:00.000000,2021-12-31,0.0017368649587494,0.0017368649587494,0.37244635820388794,"shortage, champagne, australia, wine, hits",2.7474156568117922
108,2020-01-22 00:00:00.000000,2020-01-08 00:00:00.000000,2020-02-05,0.0107758620689655,0.010347748616162064,0.02138763666152954,"harry, prince, meghan, markle, royal",2.7435401758351756
285,2019-09-13 00:00:00.000000,2019-09-01 00:00:00.000000,2019-09-25,0.0017323516673884,0.0017323516673884,0.9653786420822144,"travel, british, collapses, firm, vent",2.7435316943290844
511,2019-10-08 00:00:00.000000,2019-09-25 00:00:00.000000,2019-10-21,0.0041928721174004,0.002456265334663947,0.5329638719558716,"cannabis, act, federal, laws, medicinal",2.7389552221374305
503,2020-12-13 12:00:00.000000,2020-12-03 00:00:00.000000,2020-12-24,0.0021929824561403,0.0013327309690535063,0.7687433958053589,"covid, pence, mike, biden, joe",2.734923735497013
588,2020-04-27 12:00:00.000000,2020-04-17 00:00:00.000000,2020-05-08,0.006276150627615,0.004961329873310694,0.42708492279052734,"pandemic, experience, coronavirus, new, win",2.7311083937284497
421,2019-05-14 12:00:00.000000,2019-05-03 00:00:00.000000,2019-05-26,0.0043878894251864,0.003947368421052594,0.7226295471191406,"election, result, predicts, called, pre",2.7310041698205847
620,2021-11-26 00:00:00.000000,2021-10-22 00:00:00.000000,2021-12-31,0.0021710811984368,0.0021710811984368,0.6888571977615356,"floodwaters, dies, killed, queensland, swept",2.7304460239980544
44,2020-10-16 00:00:00.000000,2020-10-06 00:00:00.000000,2020-10-26,0.0063640220619431,0.0063640220619431,0.1748090386390686,"gladys, nsw, premier, icac, says",2.7304351217396015
15,2021-04-30 12:00:00.000000,2021-03-23 00:00:00.000000,2021-06-08,0.0017490161783996,0.0017490161783996,0.4176410436630249,"retirement, superannuation, kohler, kohlers, cost",2.7235636286684057
449,2020-07-12 12:00:00.000000,2020-07-03 00:00:00.000000,2020-07-22,0.0153429602888086,0.00806298123992218,0.32475554943084717,"coronavirus, border, victoria, queensland, nsw",2.7215710699258415
1,2020-02-16 12:00:00.000000,2020-02-05 00:00:00.000000,2020-02-28,0.0008916629514043,0.0008916629514043,,,2.7215078605343908
539,2021-01-29 12:00:00.000000,2021-01-19 00:00:00.000000,2021-02-09,0.0025553662691652,0.0025553662691652,0.3794208765029907,"year, australian, tame, speech, tames",2.721254146236519
553,2020-03-11 12:00:00.000000,2020-02-28 00:00:00.000000,2020-03-24,0.0017241379310344,0.0017241379310344,0.639519214630127,"children, risk, safe, likely, appear",2.7186677690704193
92,2020-02-16 12:00:00.000000,2020-02-05 00:00:00.000000,2020-02-28,0.0026749888542131,0.0022429875664689534,0.5045506358146667,"boxing, knockout, victory, shows, popular",2.7179714331384472
399,2019-02-09 00:00:00.000000,2019-01-29 00:00:00.000000,2019-02-20,0.0017881090746535,0.0017881090746535,0.3296298384666443,"federal, sitting, prepares, week, start",2.7159806511871527
380,2020-06-24 00:00:00.000000,2020-06-15 00:00:00.000000,2020-07-03,0.0029736618521665,0.0021204303235811362,0.6730770468711853,"branch, victorian, stacking, somyurek, labor",2.7130309438996423
383,2019-10-08 00:00:00.000000,2019-09-25 00:00:00.000000,2019-10-21,0.0012578616352201,0.0012578616352201,0.7508460283279419,"eumundis, away, religion, moves, closes",2.711140744075878
307,2019-06-07 12:00:00.000000,2019-05-26 00:00:00.000000,2019-06-20,0.0012642225031605,0.0012642225031605,0.39943909645080566,"kimberley, region, uncovering, mysteries, pristine",2.7104135608041084
553,2020-08-01 00:00:00.000000,2020-07-22 00:00:00.000000,2020-08-11,0.0017174753112924,0.0017174753112924,0.48573702573776245,"kids, life, baby, connect, handwritten",2.7081607432445094
530,2021-01-06 00:00:00.000000,2020-12-24 00:00:00.000000,2021-01-19,0.0017841213202497,0.0017841213202497,0.3709084987640381,"shirley, robinson, mcnally, leigh, hickson",2.706975329887431
392,2019-02-09 00:00:00.000000,2019-01-29 00:00:00.000000,2019-02-20,0.0017881090746535,0.001367012769872301,0.5123474597930908,"amp, survival, questions, amps, face",2.703532827314416
76,2019-03-04 00:00:00.000000,2019-02-20 00:00:00.000000,2019-03-16,0.0132309005548442,0.009620278192065254,0.0947992205619812,"trump, kim, summit, jong, north",2.6973088295352654
355,2019-03-04 00:00:00.000000,2019-02-20 00:00:00.000000,2019-03-16,0.0068288518992744,0.00548042040119508,0.5719406604766846,"michael, joyce, politics, nationals, pyne",2.6944327139710738
541,2020-04-05 00:00:00.000000,2020-03-24 00:00:00.000000,2020-04-17,0.0039249890972525,0.0039249890972525,0.5511294007301331,"fiji, devastates, batters, coronavirus, damage",2.6923451878179137
167,2019-03-28 00:00:00.000000,2019-03-16 00:00:00.000000,2019-04-09,0.0038281582305401,0.0033999038968240513,0.2514446973800659,"election, thailand, thai, results, thailands",2.691529455267757
506,2020-09-26 12:00:00.000000,2020-09-17 00:00:00.000000,2020-10-06,0.0018181818181818,0.0018181818181818,0.6930646896362305,"case, peter, boss, vlandys, racing",2.6898331136899296
27,2019-04-21 00:00:00.000000,2019-04-09 00:00:00.000000,2019-05-03,0.0043878894251864,0.0043878894251864,0.10458660125732422,"april, thursday, friday, tuesday, monday",2.687994375422294
378,2021-03-11 12:00:00.000000,2021-02-28 00:00:00.000000,2021-03-23,0.0039404553415061,0.0030731201749044307,0.6065164804458618,"women, parliament, years, public, allegations",2.6837952002930194
601,2020-09-26 12:00:00.000000,2020-09-17 00:00:00.000000,2020-10-06,0.0122727272727272,0.006816862656414848,0.3853868246078491,"whales, tasmania, stranded, west, coast",2.6809296658874913
118,2019-08-20 00:00:00.000000,2019-08-08 00:00:00.000000,2019-09-01,0.0031263957123715,0.0026986232621743827,0.3902515769004822,"boomers, usa, basketball, cup, world",2.678711838532064
515,2020-09-07 00:00:00.000000,2020-08-28 00:00:00.000000,2020-09-17,0.0016673614005835,0.0016673614005835,0.759697675704956,"prize, zimbabwean, writer, americans, booker",2.677490599006025
21,2019-02-09 00:00:00.000000,2019-01-29 00:00:00.000000,2019-02-20,0.0026821636119803,0.0026821636119803,0.46989762783050537,"sunday, program, february, rodda, markets",2.677391976328991
618,2021-03-11 12:00:00.000000,2021-02-28 00:00:00.000000,2021-03-23,0.0021891418563922,0.0017560436965580089,0.3561137914657593,"custody, deaths, aboriginal, death, continues",2.676226273465961
594,2021-01-06 00:00:00.000000,2020-12-24 00:00:00.000000,2021-01-19,0.0071364852809991,0.005813047061181767,0.588546872138977,"cases, records, berala, local, zero",2.6726539086937073
81,2021-01-06 00:00:00.000000,2020-12-24 00:00:00.000000,2021-01-19,0.0026761819803746,0.0022366045222508763,0.527977705001831,"national, words, leaders, say, aus",2.6725841120046683
520,2019-03-28 00:00:00.000000,2019-03-16 00:00:00.000000,2019-04-09,0.0029774564015312,0.0029774564015312,0.3144681453704834,"medicine, antarctic, antarctica, glacier, iceland",2.672343024189357
177,2020-01-22 00:00:00.000000,2020-01-08 00:00:00.000000,2020-02-05,0.0017241379310344,0.0012998583300471139,0.44942396879196167,"vladimir, putin, government, russia, quits",2.6713795230831026
345,2019-11-25 00:00:00.000000,2019-11-13 00:00:00.000000,2019-12-07,0.0013374944271065,0.0013374944271065,0.6854289174079895,"set, india, victim, hospital, dies",2.670744174409257
354,2019-07-02 12:00:00.000000,2019-06-20 00:00:00.000000,2019-07-15,0.0044863167339614,0.004063196971225967,0.5245248079299927,"hits, tremor, felt, darwin, larger",2.666929797991946
272,2020-07-12 12:00:00.000000,2020-07-03 00:00:00.000000,2020-07-22,0.0027075812274368,0.002281803061310589,0.44132232666015625,"records, new, deaths, masks, investigation",2.6668455708701817
444,2019-05-14 12:00:00.000000,2019-05-03 00:00:00.000000,2019-05-26,0.0430013163668275,0.022365591397849435,0.16848957538604736,"election, federal, campaign, day, results",2.666431618441407
349,2019-03-28 00:00:00.000000,2019-03-16 00:00:00.000000,2019-04-09,0.0038281582305401,0.002972014812006594,0.9443376064300537,"superannuation, super, veterans, defence, retire",2.665997274310577
403,2020-02-16 12:00:00.000000,2020-02-05 00:00:00.000000,2020-02-28,0.0026749888542131,0.0022429875664689534,0.5784538388252258,"markets, share, panic, freefall, anxiety",2.664107265186681
128,2020-02-16 12:00:00.000000,2020-02-05 00:00:00.000000,2020-02-28,0.0080249665626393,0.007590660243568817,0.3384448289871216,"coronavirus, cruise, cases, ship, confirmed",2.6597770601365243
320,2021-03-11 12:00:00.000000,2021-02-28 00:00:00.000000,2021-03-23,0.0030647985989492,0.00263132202219947,0.1941838264465332,"wool, shed, lego, shearing, yarn",2.6592227393831185
568,2021-01-29 12:00:00.000000,2021-01-19 00:00:00.000000,2021-02-09,0.0025553662691652,0.0016618231619735192,0.8125383853912354,"restrictions, nsw, sydney, greater, queensland",2.656900281070574
509,2020-09-26 12:00:00.000000,2020-09-17 00:00:00.000000,2020-10-06,0.0022727272727272,0.0022727272727272,0.6147155165672302,"medicine, hep, physics, researchers, makes",2.655900256713341
274,2020-06-05 12:00:00.000000,2020-05-27 00:00:00.000000,2020-06-15,0.0012771392081736,0.0012771392081736,0.7084558010101318,"port, risk, exposure, continue, children",2.6540128050472838
208,2019-02-09 00:00:00.000000,2019-01-29 00:00:00.000000,2019-02-20,0.0013410818059901,0.0013410818059901,0.5546197891235352,"optus, customers, misleading, million, fined",2.651926261570142
246,2021-01-29 12:00:00.000000,2021-01-19 00:00:00.000000,2021-02-09,0.0017035775127768,0.0017035775127768,0.4613691568374634,"terrorist, right, boys, proud, calls",2.6479828297654175
68,2020-06-05 12:00:00.000000,2020-05-27 00:00:00.000000,2020-06-15,0.0034057045551298,0.0029601425193593574,0.43079495429992676,"tinto, rio, heritage, site, destroyed",2.645461297829917
439,2019-03-04 00:00:00.000000,2019-02-20 00:00:00.000000,2019-03-16,0.0012804097311139,0.0012804097311139,0.4714031219482422,"vegan, word, veganism, use, dont",2.6453252197827495
53,2019-03-04 00:00:00.000000,2019-02-20 00:00:00.000000,2019-03-16,0.0128040973111395,0.007848205375898235,0.6840831637382507,"brexit, deal, theresa, vote, mps",2.6424685996252837
302,2020-02-16 12:00:00.000000,2020-02-05 00:00:00.000000,2020-02-28,0.0013374944271065,0.0013374944271065,0.439458966255188,"penguin, tasmania, second, sighting, king",2.6418640236671775
59,2020-03-11 12:00:00.000000,2020-02-28 00:00:00.000000,2020-03-24,0.0017241379310344,0.0017241379310344,0.7324789762496948,"explains, questions, answers, social, distancing",2.6300156362596185
317,2021-02-18 12:00:00.000000,2021-02-09 00:00:00.000000,2021-02-28,0.0051880674448767,0.0022002472868665056,0.39529746770858765,"vaccine, vaccines, aged, care, rollout",2.6251572027218204
177,2020-06-05 12:00:00.000000,2020-05-27 00:00:00.000000,2020-06-15,0.0012771392081736,0.0012771392081736,0.41920578479766846,"vote, putin, russia, reform, vladimir",2.625068534439962
624,2020-04-27 12:00:00.000000,2020-04-17 00:00:00.000000,2020-05-08,0.001673640167364,0.0012369908037339603,0.7586909532546997,"waugh, james, man, house, reporter",2.62446650685982
547,2021-11-26 00:00:00.000000,2021-10-22 00:00:00.000000,2021-12-31,0.0017368649587494,0.0017368649587494,0.5082731246948242,"residents, evacuate, forbes, asked, rising",2.6226310419106196
285,2020-04-27 12:00:00.000000,2020-04-17 00:00:00.000000,2020-05-08,0.002092050209205,0.0016552184523570697,0.27069294452667236,"cook, history, indigenous, james, people",2.6213367260782987
381,2019-02-09 00:00:00.000000,2019-01-29 00:00:00.000000,2019-02-20,0.0031291908806437,0.002707530859256368,0.2649751901626587,"informer, affair, care, royal, police",2.6174108568493457
632,2019-10-08 00:00:00.000000,2019-09-25 00:00:00.000000,2019-10-21,0.0037735849056603,0.003339050886220641,0.5350395441055298,"police, man, shooting, penrith, sydney",2.6158275498862538
481,2019-11-01 12:00:00.000000,2019-10-21 00:00:00.000000,2019-11-13,0.0026315789473684,0.0026315789473684,0.6413207054138184,"hears, started, early, community, forum",2.6151535310312513
547,2021-02-18 12:00:00.000000,2021-02-09 00:00:00.000000,2021-02-28,0.0017293558149589,0.0017293558149589,0.2991485595703125,"jilkminggan, evacuated, community, hundreds, floods",2.611066487225307
543,2021-07-13 00:00:00.000000,2021-06-08 00:00:00.000000,2021-08-17,0.003479773814702,0.0030411899974753078,0.27835971117019653,"covid, indonesia, cases, deaths, million",2.61061699154644
366,2019-03-04 00:00:00.000000,2019-02-20 00:00:00.000000,2019-03-16,0.0025608194622279,0.0016652760772684165,0.7491158246994019,"council, land, northern, assemble, meeting",2.608825856895686
91,2020-08-19 12:00:00.000000,2020-08-11 00:00:00.000000,2020-08-28,0.0022271714922048,0.0022271714922048,0.9817909002304077,"win, fight, boxing, live, blog",2.5982625539819195
176,2021-11-26 00:00:00.000000,2021-10-22 00:00:00.000000,2021-12-31,0.0034737299174989,0.0034737299174989,0.7589160799980164,"migrants, border, sends, gather, poland",2.5949083213227673
424,2019-04-21 00:00:00.000000,2019-04-09 00:00:00.000000,2019-05-03,0.0021939447125932,0.0021939447125932,0.2808955907821655,"toddler, dingoes, attack, island, fraser",2.5943139316696433
453,2021-03-11 12:00:00.000000,2021-02-28 00:00:00.000000,2021-03-23,0.0035026269702276,0.0030689611850201006,0.9253988265991211,"package, government, support, says, billion",2.5882471044295574
276,2020-08-19 12:00:00.000000,2020-08-11 00:00:00.000000,2020-08-28,0.0013363028953229,0.0013363028953229,0.3704379200935364,"uranium, nsw, mining, restrictions, legislation",2.5867295373250765
487,2020-08-01 00:00:00.000000,2020-07-22 00:00:00.000000,2020-08-11,0.0017174753112924,0.0017174753112924,0.49712687730789185,"life, donation, wishes, donors, coronavirus",2.5856738616070962
527,2019-09-13 00:00:00.000000,2019-09-01 00:00:00.000000,2019-09-25,0.0043308791684712,0.0043308791684712,0.3347824811935425,"emmys, awards, emmy, thrones, game",2.5856315873932307
216,2019-06-07 12:00:00.000000,2019-05-26 00:00:00.000000,2019-06-20,0.0126422250316055,0.01175433180492291,0.8420593738555908,"kong, hong, protests, extradition, law",2.5848750106008613
485,2019-09-13 00:00:00.000000,2019-09-01 00:00:00.000000,2019-09-25,0.0017323516673884,0.0017323516673884,0.5242224335670471,"law, family, inquiry, review, unnecessary",2.583692291549571
359,2020-04-05 00:00:00.000000,2020-03-24 00:00:00.000000,2020-04-17,0.0047972088966419,0.0047972088966419,0.2815878391265869,"daniel, andrews, interview, victorian, says",2.5814842341730677
354,2021-09-19 00:00:00.000000,2021-08-17 00:00:00.000000,2021-10-22,0.0048034934497816,0.003930131004366765,0.9061727523803711,"earthquake, magnitude, shakes, shaking, hit",2.5800262496583053
599,2020-07-12 12:00:00.000000,2020-07-03 00:00:00.000000,2020-07-22,0.0063176895306859,0.005463430031933275,0.9434592127799988,"attack, killed, island, fraser, man",2.5798303020899067
22,2020-11-04 12:00:00.000000,2020-10-26 00:00:00.000000,2020-11-14,0.003875968992248,0.003875968992248,0.007167816162109375,"tuesday, thursday, monday, friday, wednesday",2.5795697024185023
456,2020-01-22 00:00:00.000000,2020-01-08 00:00:00.000000,2020-02-05,0.0021551724137931,0.0021551724137931,0.3459241986274719,"dinosaur, dinosaurs, queensland, new, astrophysics",2.572249917037091
324,2020-08-19 12:00:00.000000,2020-08-11 00:00:00.000000,2020-08-28,0.0017817371937639,0.0017817371937639,0.8394931554794312,"michael, labor, says, confident, live",2.5716274448105576
103,2020-08-01 00:00:00.000000,2020-07-22 00:00:00.000000,2020-08-11,0.0017174753112924,0.0017174753112924,0.4801652431488037,"wins, post, lightning, nsw, swifts",2.569683893088219
189,2020-08-01 00:00:00.000000,2020-07-22 00:00:00.000000,2020-08-11,0.0047230571060541,0.004269866732979687,0.37497609853744507,"border, clive, challenge, mcgowan, court",2.563712373425068
502,2020-03-11 12:00:00.000000,2020-02-28 00:00:00.000000,2020-03-24,0.0068965517241379,0.005999539205898204,0.7143087387084961,"coronavirus, trump, donald, americans, act",2.5586780159549423
234,2021-07-13 00:00:00.000000,2021-06-08 00:00:00.000000,2021-08-17,0.006959547629404,0.004324677465524257,0.6384625434875488,"biloela, tamil, asylum, seeker, speaks",2.558172708733349
345,2019-07-27 00:00:00.000000,2019-07-15 00:00:00.000000,2019-08-08,0.0012798634812286,0.0012798634812286,0.582586944103241,"police, canadian, discovery, announce, journalist",2.555654394082829
130,2021-01-06 00:00:00.000000,2020-12-24 00:00:00.000000,2021-01-19,0.0298840321141837,0.0165089148139995,0.20153868198394775,"test, australia, india, day, scg",2.551126403617036
131,2019-11-01 12:00:00.000000,2019-10-21 00:00:00.000000,2019-11-13,0.0030701754385964,0.00264977720915864,0.43572211265563965,"sport, soccer, football, fighting, equality",2.546739788302522
249,2020-01-22 00:00:00.000000,2020-01-08 00:00:00.000000,2020-02-05,0.0025862068965517,0.0021615621668200184,0.899381160736084,"ukraine, shooting, admits, plane, ukrainian",2.5462973936545263
121,2019-06-07 12:00:00.000000,2019-05-26 00:00:00.000000,2019-06-20,0.0029498525073746,0.0025099622211872037,0.36624133586883545,"chernobyl, nuclear, visiting, drives, tourism",2.546093241968311
514,2019-09-13 00:00:00.000000,2019-09-01 00:00:00.000000,2019-09-25,0.0012992637505413,0.0012992637505413,0.4105212688446045,"taylor, swift, melbourne, cup, perform",2.545442136827481
415,2019-12-23 00:00:00.000000,2019-12-07 00:00:00.000000,2020-01-08,0.0021186440677966,0.0016720671319375956,0.866782546043396,"african, indonesia, exercise, pushes, prices",2.545376412409599
342,2020-12-13 12:00:00.000000,2020-12-03 00:00:00.000000,2020-12-24,0.0030701754385964,0.0017792228318543528,0.4129601716995239,"card, welfare, scheme, debit, patrick",2.5433721259618767
374,2020-11-23 12:00:00.000000,2020-11-14 00:00:00.000000,2020-12-03,0.002147766323024,0.002147766323024,0.5844311118125916,"government, settlement, class, billion, explained",2.5415656405761213
25,2020-12-13 12:00:00.000000,2020-12-03 00:00:00.000000,2020-12-24,0.0035087719298245,0.0026473910097130847,0.2840327024459839,"morgan, elysse, friday, ziffer, tuesday",2.540534979286296
508,2019-05-14 12:00:00.000000,2019-05-03 00:00:00.000000,2019-05-26,0.0118473014480035,0.007867132867132894,0.5237168073654175,"australian, hardanger, music, sydney, festival",2.5389335266737043
425,2020-01-22 00:00:00.000000,2020-01-08 00:00:00.000000,2020-02-05,0.0025862068965517,0.0025862068965517,0.27169501781463623,"coronavirus, wall, street, recover, virus",2.538627451981076
438,2019-12-23 00:00:00.000000,2019-12-07 00:00:00.000000,2020-01-08,0.0016949152542372,0.0012485271458352182,0.5184386968612671,"ato, years, review, henry, dispute",2.5378048508218125
126,2020-02-16 12:00:00.000000,2020-02-05 00:00:00.000000,2020-02-28,0.0035666518056174,0.00270225331138349,0.8386349678039551,"record, world, cheptegei, joshua, breaks",2.5331961776957725
179,2019-06-07 12:00:00.000000,2019-05-26 00:00:00.000000,2019-06-20,0.0025284450063211,0.0025284450063211,0.68445885181427,"leader, opposition, new, liberal, elected",2.5274457287980745
146,2019-04-21 00:00:00.000000,2019-04-09 00:00:00.000000,2019-05-03,0.0030715225976305,0.0030715225976305,0.31567710638046265,"united, league, city, manchester, leeds",2.526515933485125
514,2020-11-23 12:00:00.000000,2020-11-14 00:00:00.000000,2020-12-03,0.0012886597938144,0.0012886597938144,0.3237345814704895,"swift, taylor, year, artist, weeknd",2.524836351145997
283,2019-07-02 12:00:00.000000,2019-06-20 00:00:00.000000,2019-07-15,0.0013458950201884,0.0013458950201884,0.567338228225708,"diamond, tree, iconic, close, unscathed",2.520972472424645
610,2019-08-20 00:00:00.000000,2019-08-08 00:00:00.000000,2019-09-01,0.0017865118356409,0.0017865118356409,0.3938918113708496,"search, boat, police, fisherman, fishermen",2.5205982931848876
338,2020-04-05 00:00:00.000000,2020-03-24 00:00:00.000000,2020-04-17,0.0039249890972525,0.0030602819576338917,0.8089020848274231,"armyworm, fall, bugs, pest, insects",2.519678007021539
374,2020-06-05 12:00:00.000000,2020-05-27 00:00:00.000000,2020-06-15,0.0021285653469561,0.0021285653469561,0.24272805452346802,"robodebt, government, debts, repay, class",2.5188403323465436
491,2020-06-05 12:00:00.000000,2020-05-27 00:00:00.000000,2020-06-15,0.0025542784163473,0.001664305688059457,0.34524595737457275,"coronavirus, pandemic, businesses, creative, business",2.5172263670830017
550,2021-07-13 00:00:00.000000,2021-06-08 00:00:00.000000,2021-08-17,0.003479773814702,0.0026029893902243476,0.5330374240875244,"reef, great, barrier, danger, list",2.5147691476216982
113,2019-07-02 12:00:00.000000,2019-06-20 00:00:00.000000,2019-07-15,0.0013458950201884,0.0013458950201884,0.482505202293396,"treasurer, joins, insiders, acting, tax",2.506049514145484
370,2020-04-27 12:00:00.000000,2020-04-17 00:00:00.000000,2020-05-08,0.0108786610878661,0.005615952223200496,0.49412310123443604,"schools, students, school, term, parents",2.503783154819399
